/*
 Navicat Premium Dump SQL

 Source Server         : localhost_3306
 Source Server Type    : MySQL
 Source Server Version : 80034 (8.0.34)
 Source Host           : localhost:3306
 Source Schema         : travel

 Target Server Type    : MySQL
 Target Server Version : 80034 (8.0.34)
 File Encoding         : 65001

 Date: 27/11/2025 19:10:21
*/

SET NAMES utf8mb4;
SET FOREIGN_KEY_CHECKS = 0;

-- ----------------------------
-- Table structure for admin_log
-- ----------------------------
DROP TABLE IF EXISTS `admin_log`;
CREATE TABLE `admin_log`  (
  `id` bigint NOT NULL AUTO_INCREMENT,
  `admin_id` bigint NOT NULL COMMENT '操作管理员ID',
  `action` varchar(50) CHARACTER SET utf8mb4 COLLATE utf8mb4_0900_ai_ci NOT NULL COMMENT '操作类型',
  `target_type` varchar(50) CHARACTER SET utf8mb4 COLLATE utf8mb4_0900_ai_ci NOT NULL COMMENT '目标类型(user/merchant)',
  `target_id` bigint NOT NULL COMMENT '目标ID',
  `action_detail` text CHARACTER SET utf8mb4 COLLATE utf8mb4_0900_ai_ci NULL COMMENT '操作详情',
  `ip_address` varchar(50) CHARACTER SET utf8mb4 COLLATE utf8mb4_0900_ai_ci NULL DEFAULT NULL COMMENT '操作IP',
  `create_time` datetime NULL DEFAULT CURRENT_TIMESTAMP,
  PRIMARY KEY (`id`) USING BTREE,
  INDEX `idx_admin_id`(`admin_id` ASC) USING BTREE,
  INDEX `idx_target`(`target_type` ASC, `target_id` ASC) USING BTREE,
  INDEX `idx_create_time`(`create_time` ASC) USING BTREE
) ENGINE = InnoDB AUTO_INCREMENT = 5 CHARACTER SET = utf8mb4 COLLATE = utf8mb4_0900_ai_ci COMMENT = '管理员操作日志' ROW_FORMAT = DYNAMIC;

-- ----------------------------
-- Records of admin_log
-- ----------------------------
INSERT INTO `admin_log` VALUES (1, 1971813431033851906, '审核商家', 'merchant', 1, '审核通过从化老字号美食坊', '192.168.1.100', '2025-11-01 10:00:00');
INSERT INTO `admin_log` VALUES (2, 1971813431033851906, '禁用用户', 'user', 1971813431033851907, '用户发布违规内容', '192.168.1.100', '2025-11-02 14:30:00');
INSERT INTO `admin_log` VALUES (3, 1985962880853172225, '审核留言', 'message', 9, '审核通过用户留言', '192.168.1.101', '2025-11-05 16:25:37');
INSERT INTO `admin_log` VALUES (4, 1971813431033851906, '商品上架', 'product', 17, '审核通过新商品上架', '192.168.1.100', '2025-11-02 19:22:58');

-- ----------------------------
-- Table structure for ai_conversation
-- ----------------------------
DROP TABLE IF EXISTS `ai_conversation`;
CREATE TABLE `ai_conversation`  (
  `id` bigint NOT NULL AUTO_INCREMENT COMMENT '对话ID',
  `user_id` bigint NOT NULL COMMENT '用户ID',
  `title` varchar(255) CHARACTER SET utf8mb4 COLLATE utf8mb4_0900_ai_ci NOT NULL COMMENT '对话标题',
  `provider` varchar(50) CHARACTER SET utf8mb4 COLLATE utf8mb4_0900_ai_ci NOT NULL COMMENT 'AI提供商',
  `model` varchar(100) CHARACTER SET utf8mb4 COLLATE utf8mb4_0900_ai_ci NULL DEFAULT NULL COMMENT '使用的模型',
  `status` varchar(20) CHARACTER SET utf8mb4 COLLATE utf8mb4_0900_ai_ci NULL DEFAULT 'active' COMMENT '对话状态',
  `create_time` datetime NOT NULL DEFAULT CURRENT_TIMESTAMP COMMENT '创建时间',
  `update_time` datetime NOT NULL DEFAULT CURRENT_TIMESTAMP ON UPDATE CURRENT_TIMESTAMP COMMENT '更新时间',
  `is_delete` tinyint(1) NOT NULL DEFAULT 0 COMMENT '是否删除',
  PRIMARY KEY (`id`) USING BTREE,
  INDEX `idx_user_id`(`user_id` ASC) USING BTREE,
  INDEX `idx_create_time`(`create_time` ASC) USING BTREE,
  INDEX `idx_is_delete`(`is_delete` ASC) USING BTREE
) ENGINE = InnoDB AUTO_INCREMENT = 1993306803149762563 CHARACTER SET = utf8mb4 COLLATE = utf8mb4_0900_ai_ci COMMENT = 'AI对话表' ROW_FORMAT = DYNAMIC;

-- ----------------------------
-- Records of ai_conversation
-- ----------------------------
INSERT INTO `ai_conversation` VALUES (1969030286161035267, 1, '旅行路线规划', 'OpenAI', 'gpt-4', 'active', '2025-09-27 13:53:15', '2025-09-27 13:53:15', 0);
INSERT INTO `ai_conversation` VALUES (1969030286161035268, 1, '美食推荐咨询', 'Anthropic', 'claude-2', 'active', '2025-09-27 13:53:15', '2025-09-27 13:53:15', 0);
INSERT INTO `ai_conversation` VALUES (1969030286161035269, 2, '摄影技巧咨询', 'OpenAI', 'gpt-4', 'active', '2025-09-27 13:53:15', '2025-09-27 13:53:15', 0);
INSERT INTO `ai_conversation` VALUES (1969030286161035270, 3, '粤菜食谱咨询', 'Anthropic', 'claude-2', 'active', '2025-09-27 13:53:15', '2025-09-27 13:53:15', 0);
INSERT INTO `ai_conversation` VALUES (1969030286161035271, 4, '手工艺学习', 'OpenAI', 'gpt-4', 'active', '2025-09-27 13:53:15', '2025-09-27 13:53:15', 0);
INSERT INTO `ai_conversation` VALUES (1969030286161035272, 5, '有机种植咨询', 'Anthropic', 'claude-3', 'active', '2025-09-27 13:53:15', '2025-09-27 13:53:15', 0);
INSERT INTO `ai_conversation` VALUES (1969030286161035273, 6, '陶瓷制作技巧', 'OpenAI', 'gpt-4', 'active', '2025-09-27 13:53:15', '2025-09-27 13:53:15', 0);
INSERT INTO `ai_conversation` VALUES (1969030286161035274, 7, '亲子活动建议', 'Anthropic', 'claude-2', 'active', '2025-09-27 13:53:15', '2025-09-27 13:53:15', 0);
INSERT INTO `ai_conversation` VALUES (1969030286161035275, 8, '自驾游准备', 'OpenAI', 'gpt-4', 'active', '2025-09-27 13:53:15', '2025-09-27 13:53:15', 0);
INSERT INTO `ai_conversation` VALUES (1969030286161035276, 9, '历史研究咨询', 'Anthropic', 'claude-3', 'active', '2025-09-27 13:53:15', '2025-09-27 13:53:15', 0);
INSERT INTO `ai_conversation` VALUES (1969030286161035277, 10, '餐厅经营建议', 'OpenAI', 'gpt-4', 'active', '2025-09-27 13:53:15', '2025-09-27 13:53:15', 0);
INSERT INTO `ai_conversation` VALUES (1969030286161035278, 11, '茶叶知识咨询', 'Anthropic', 'claude-2', 'active', '2025-09-27 13:53:15', '2025-09-27 13:53:15', 0);
INSERT INTO `ai_conversation` VALUES (1972585365728231425, 1971813431033851906, '新对话', 'dashscope', 'qwen-plus', 'active', '2025-09-29 16:52:55', '2025-09-29 16:52:55', 0);
INSERT INTO `ai_conversation` VALUES (1972588204156268545, 1971813431033851906, '新对话', 'dashscope', 'qwen-plus', 'active', '2025-09-29 17:04:11', '2025-09-29 17:04:11', 0);
INSERT INTO `ai_conversation` VALUES (1972589342809186305, 1971813431033851906, '准备去从化玩两天，帮...', 'dashscope', 'qwen-plus', 'active', '2025-09-29 17:08:43', '2025-09-29 17:09:08', 0);
INSERT INTO `ai_conversation` VALUES (1972590531458162690, 1971813431033851906, '新对话', 'dashscope', 'qwen-plus', 'active', '2025-09-29 17:13:26', '2025-09-29 17:13:26', 0);
INSERT INTO `ai_conversation` VALUES (1972995004147974145, 1972994847960481793, '新对话', 'dashscope', 'qwen-plus', 'active', '2025-09-30 20:00:40', '2025-09-30 20:00:40', 0);
INSERT INTO `ai_conversation` VALUES (1973987538207608834, 1973987306786885634, '新对话', 'dashscope', 'qwen-plus', 'active', '2025-10-03 13:44:39', '2025-10-03 13:44:39', 0);
INSERT INTO `ai_conversation` VALUES (1973987554162741250, 1973987306786885634, '新对话', 'dashscope', 'qwen-plus', 'active', '2025-10-03 13:44:42', '2025-10-03 13:44:42', 0);
INSERT INTO `ai_conversation` VALUES (1974726802964840450, 1973987306786885634, '新对话', 'dashscope', 'qwen-plus', 'active', '2025-10-05 14:42:13', '2025-10-05 14:42:13', 0);
INSERT INTO `ai_conversation` VALUES (1974726812242640898, 1973987306786885634, '新对话', 'dashscope', 'qwen-plus', 'active', '2025-10-05 14:42:15', '2025-10-05 14:42:15', 0);
INSERT INTO `ai_conversation` VALUES (1975102210642104321, 1973987306786885634, '新对话', 'dashscope', 'qwen-plus', 'active', '2025-10-06 15:33:57', '2025-10-06 15:33:57', 0);
INSERT INTO `ai_conversation` VALUES (1975115421118451714, 1973987306786885634, '新对话', 'dashscope', 'qwen-plus', 'active', '2025-10-06 16:26:27', '2025-10-06 16:26:27', 0);
INSERT INTO `ai_conversation` VALUES (1975122219732914177, 1973987306786885634, '新对话', 'dashscope', 'qwen-plus', 'active', '2025-10-06 16:53:28', '2025-10-06 16:53:28', 0);
INSERT INTO `ai_conversation` VALUES (1975130807448719361, 1973987306786885634, '新对话', 'dashscope', 'qwen-plus', 'active', '2025-10-06 17:27:35', '2025-10-06 17:27:35', 0);
INSERT INTO `ai_conversation` VALUES (1975429839299629057, 1973987306786885634, '新对话', 'dashscope', 'qwen-plus', 'active', '2025-10-07 13:15:50', '2025-10-07 13:15:50', 0);
INSERT INTO `ai_conversation` VALUES (1975515997589266434, 1973987306786885634, '新对话', 'dashscope', 'qwen-plus', 'active', '2025-10-07 18:58:12', '2025-10-07 18:58:12', 0);
INSERT INTO `ai_conversation` VALUES (1975533491817340930, 1973987306786885634, '新对话', 'dashscope', 'qwen-plus', 'active', '2025-10-07 20:07:43', '2025-10-07 20:07:43', 0);
INSERT INTO `ai_conversation` VALUES (1975538336318152706, 1973987306786885634, '新对话', 'dashscope', 'qwen-plus', 'active', '2025-10-07 20:26:58', '2025-10-07 20:26:58', 0);
INSERT INTO `ai_conversation` VALUES (1975542118296903681, 1973987306786885634, '新对话', 'dashscope', 'qwen-plus', 'active', '2025-10-07 20:41:59', '2025-10-07 20:41:59', 0);
INSERT INTO `ai_conversation` VALUES (1975545344639426561, 1973987306786885634, '新对话', 'dashscope', 'qwen-plus', 'active', '2025-10-07 20:54:49', '2025-10-07 20:54:49', 0);
INSERT INTO `ai_conversation` VALUES (1975547649438834690, 1973987306786885634, '新对话', 'dashscope', 'qwen-plus', 'active', '2025-10-07 21:03:58', '2025-10-07 21:03:58', 0);
INSERT INTO `ai_conversation` VALUES (1975550742180192257, 1973987306786885634, '新对话', 'dashscope', 'qwen-plus', 'active', '2025-10-07 21:16:16', '2025-10-07 21:16:16', 0);
INSERT INTO `ai_conversation` VALUES (1975551885178363906, 1973987306786885634, '新对话', 'dashscope', 'qwen-plus', 'active', '2025-10-07 21:20:48', '2025-10-07 21:20:48', 0);
INSERT INTO `ai_conversation` VALUES (1975555629118971906, 1973987306786885634, '新对话', 'dashscope', 'qwen-plus', 'active', '2025-10-07 21:35:41', '2025-10-07 21:35:41', 0);
INSERT INTO `ai_conversation` VALUES (1975557246199324673, 1973987306786885634, '新对话', 'dashscope', 'qwen-plus', 'active', '2025-10-07 21:42:06', '2025-10-07 21:42:06', 0);
INSERT INTO `ai_conversation` VALUES (1975560426291257346, 1973987306786885634, '新对话', 'dashscope', 'qwen-plus', 'active', '2025-10-07 21:54:44', '2025-10-07 21:54:44', 0);
INSERT INTO `ai_conversation` VALUES (1975561520459341825, 1973987306786885634, '新对话', 'dashscope', 'qwen-plus', 'active', '2025-10-07 21:59:05', '2025-10-07 21:59:05', 0);
INSERT INTO `ai_conversation` VALUES (1975564304038551554, 1973987306786885634, '新对话', 'dashscope', 'qwen-plus', 'active', '2025-10-07 22:10:09', '2025-10-07 22:10:09', 0);
INSERT INTO `ai_conversation` VALUES (1975565749261492226, 1973987306786885634, '新对话', 'dashscope', 'qwen-plus', 'active', '2025-10-07 22:15:54', '2025-10-07 22:15:54', 0);
INSERT INTO `ai_conversation` VALUES (1975567254731415554, 1973987306786885634, '新对话', 'dashscope', 'qwen-plus', 'active', '2025-10-07 22:21:52', '2025-10-07 22:21:52', 0);
INSERT INTO `ai_conversation` VALUES (1975568631838859266, 1973987306786885634, '新对话', 'dashscope', 'qwen-plus', 'active', '2025-10-07 22:27:21', '2025-10-07 22:27:21', 0);
INSERT INTO `ai_conversation` VALUES (1975569701168275457, 1973987306786885634, '新对话', 'dashscope', 'qwen-plus', 'active', '2025-10-07 22:31:36', '2025-10-07 22:31:36', 0);
INSERT INTO `ai_conversation` VALUES (1975570052009222145, 1973987306786885634, '新对话', 'dashscope', 'qwen-plus', 'active', '2025-10-07 22:32:59', '2025-10-07 22:32:59', 0);
INSERT INTO `ai_conversation` VALUES (1975570730601472002, 1973987306786885634, '新对话', 'dashscope', 'qwen-plus', 'active', '2025-10-07 22:35:41', '2025-10-07 22:35:41', 0);
INSERT INTO `ai_conversation` VALUES (1975786465802117121, 1973987306786885634, '新对话', 'dashscope', 'qwen-plus', 'active', '2025-10-08 12:52:56', '2025-10-08 12:52:56', 0);
INSERT INTO `ai_conversation` VALUES (1984151738967203841, 1971813431033851906, '法撒旦', 'dashscope', 'qwen-turbo', 'active', '2025-10-31 14:53:33', '2025-10-31 14:53:33', 0);
INSERT INTO `ai_conversation` VALUES (1984946301403205633, 1984882843034943489, '你好啊', 'dashscope', 'qwen-turbo', 'active', '2025-11-02 19:30:51', '2025-11-02 19:30:51', 0);
INSERT INTO `ai_conversation` VALUES (1984948512543817730, 1984882843034943489, '你是谁', 'dashscope', 'qwen-turbo', 'active', '2025-11-02 19:39:39', '2025-11-02 19:39:39', 0);
INSERT INTO `ai_conversation` VALUES (1985353053403693057, 1984882843034943489, '你是谁', 'dashscope', 'qwen-turbo', 'active', '2025-11-03 22:27:09', '2025-11-03 22:27:09', 0);
INSERT INTO `ai_conversation` VALUES (1985386739285135361, 1984882843034943489, '你好', 'dashscope', 'qwen-turbo', 'active', '2025-11-04 00:41:00', '2025-11-04 00:41:00', 0);
INSERT INTO `ai_conversation` VALUES (1985388049946423298, 1984882843034943489, '你好', 'dashscope', 'qwen-turbo', 'active', '2025-11-04 00:46:12', '2025-11-04 00:46:12', 0);
INSERT INTO `ai_conversation` VALUES (1985389715571650561, 1984882843034943489, '11', 'dashscope', 'qwen-turbo', 'active', '2025-11-04 00:52:50', '2025-11-04 00:52:50', 0);
INSERT INTO `ai_conversation` VALUES (1985391572427812866, 1984882843034943489, '你是谁', 'dashscope', 'qwen-turbo', 'active', '2025-11-04 01:00:12', '2025-11-04 01:00:12', 0);
INSERT INTO `ai_conversation` VALUES (1985392476241625089, 1984882843034943489, '我是lq,从化', 'dashscope', 'qwen-turbo', 'active', '2025-11-04 01:03:48', '2025-11-04 01:03:48', 0);
INSERT INTO `ai_conversation` VALUES (1985627154210988034, 1985619081119506433, '1', 'dashscope', 'qwen-turbo', 'active', '2025-11-04 16:36:19', '2025-11-04 16:36:19', 0);
INSERT INTO `ai_conversation` VALUES (1985683693798006786, 1985619081119506433, '你是谁', 'dashscope', 'qwen-turbo', 'active', '2025-11-04 20:20:59', '2025-11-04 20:20:59', 0);
INSERT INTO `ai_conversation` VALUES (1985708050263941122, 1985619081119506433, '你好', 'dashscope', 'qwen-turbo', 'active', '2025-11-04 21:57:47', '2025-11-04 21:57:47', 0);
INSERT INTO `ai_conversation` VALUES (1985959436796911618, 1971813431033851906, '你是谁', 'dashscope', 'qwen-turbo', 'active', '2025-11-05 14:36:42', '2025-11-05 14:36:42', 0);
INSERT INTO `ai_conversation` VALUES (1985962285538828289, 1971813431033851906, '你是谁', 'dashscope', 'qwen-turbo', 'active', '2025-11-05 14:48:01', '2025-11-05 14:48:01', 0);
INSERT INTO `ai_conversation` VALUES (1985963000151760897, 1985962880853172225, '你是谁', 'dashscope', 'qwen-turbo', 'active', '2025-11-05 14:50:51', '2025-11-05 14:50:51', 0);
INSERT INTO `ai_conversation` VALUES (1986351060778299394, 1985962880853172225, '你是谁', 'dashscope', 'qwen-turbo', 'active', '2025-11-06 16:32:52', '2025-11-06 16:32:52', 0);
INSERT INTO `ai_conversation` VALUES (1986385969211297793, 1985962880853172225, '你是谁', 'dashscope', 'qwen-turbo', 'active', '2025-11-06 18:51:35', '2025-11-06 18:51:35', 0);
INSERT INTO `ai_conversation` VALUES (1986410882525614081, 1986358469361979394, '你是谁', 'dashscope', 'qwen-turbo', 'active', '2025-11-06 20:30:35', '2025-11-06 20:30:35', 0);
INSERT INTO `ai_conversation` VALUES (1987472310527385602, 1985962880853172225, '我是一个住在从化的老年人，今天想吃点清单...', 'dashscope', 'qwen-turbo', 'active', '2025-11-09 18:48:19', '2025-11-09 18:48:19', 0);
INSERT INTO `ai_conversation` VALUES (1990742977804025857, 1971813431033851906, '你是谁', 'dashscope', 'qwen-turbo', 'active', '2025-11-18 19:24:47', '2025-11-18 19:24:47', 0);
INSERT INTO `ai_conversation` VALUES (1991460924621078530, 1971813431033851906, '你是谁', 'dashscope', 'qwen-turbo', 'active', '2025-11-20 18:57:39', '2025-11-20 18:57:39', 0);
INSERT INTO `ai_conversation` VALUES (1991498847693434882, 1971813431033851906, '你是谁', 'dashscope', 'qwen-turbo', 'active', '2025-11-20 21:28:20', '2025-11-20 21:28:20', 0);
INSERT INTO `ai_conversation` VALUES (1991506057576181761, 1971813431033851906, '你是谁', 'dashscope', 'qwen-turbo', 'active', '2025-11-20 21:56:59', '2025-11-20 21:56:59', 0);
INSERT INTO `ai_conversation` VALUES (1993304236663570434, 1971813431033851906, '你是谁', 'dashscope', 'qwen-turbo', 'active', '2025-11-25 21:02:18', '2025-11-25 21:02:18', 0);
INSERT INTO `ai_conversation` VALUES (1993304470789619713, 1971813431033851906, '你是谁', 'dashscope', 'qwen-turbo', 'active', '2025-11-25 21:03:14', '2025-11-25 21:03:14', 0);
INSERT INTO `ai_conversation` VALUES (1993306803149762562, 1971813431033851906, '你好', 'dashscope', 'qwen-turbo', 'active', '2025-11-25 21:12:30', '2025-11-25 21:12:30', 0);

-- ----------------------------
-- Table structure for ai_message
-- ----------------------------
DROP TABLE IF EXISTS `ai_message`;
CREATE TABLE `ai_message`  (
  `id` bigint NOT NULL AUTO_INCREMENT COMMENT '消息ID',
  `conversation_id` bigint NOT NULL COMMENT '对话ID',
  `role` varchar(20) CHARACTER SET utf8mb4 COLLATE utf8mb4_0900_ai_ci NOT NULL COMMENT '消息角色：user, assistant, system',
  `content` text CHARACTER SET utf8mb4 COLLATE utf8mb4_0900_ai_ci NOT NULL COMMENT '消息内容',
  `tokens_used` int NULL DEFAULT NULL COMMENT '使用的token数',
  `response_time` bigint NULL DEFAULT NULL COMMENT '响应时间(毫秒)',
  `create_time` datetime NOT NULL DEFAULT CURRENT_TIMESTAMP COMMENT '创建时间',
  `is_delete` tinyint(1) NOT NULL DEFAULT 0 COMMENT '是否删除',
  PRIMARY KEY (`id`) USING BTREE,
  INDEX `idx_conversation_id`(`conversation_id` ASC) USING BTREE,
  INDEX `idx_create_time`(`create_time` ASC) USING BTREE,
  INDEX `idx_is_delete`(`is_delete` ASC) USING BTREE,
  CONSTRAINT `fk_ai_message_conversation` FOREIGN KEY (`conversation_id`) REFERENCES `ai_conversation` (`id`) ON DELETE CASCADE ON UPDATE RESTRICT
) ENGINE = InnoDB AUTO_INCREMENT = 1993306833566855171 CHARACTER SET = utf8mb4 COLLATE = utf8mb4_0900_ai_ci COMMENT = 'AI消息表' ROW_FORMAT = DYNAMIC;

-- ----------------------------
-- Records of ai_message
-- ----------------------------
INSERT INTO `ai_message` VALUES (1972589343887122434, 1972589342809186305, 'user', '准备去从化玩两天，帮我规划一下', NULL, NULL, '2025-09-29 17:08:43', 0);
INSERT INTO `ai_message` VALUES (1972589448413372418, 1972589342809186305, 'assistant', '当然可以！从化位于广州市北部，素有“广州后花园”之称，以温泉、山水风光和生态乡村闻名。以下是为你精心规划的从化两天一夜游玩行程，兼顾自然风光、休闲放松和美食体验：\n\n---\n\n### 🌿 从化两日游行程安排\n\n#### ✅ 第一天：自然风光 + 温泉放松\n\n**上午：抵达从化 & 石门国家森林公园**\n\n- **时间**：9:00 - 12:00  \n- **地点**：石门国家森林公园（距广州市区约1.5小时车程）\n- **亮点**：\n  - 漫步森林栈道，欣赏原始次生林、溪流瀑布。\n  - 推荐景点：石门红叶（秋季最佳）、天池花海、巍峨石、七彩天池。\n  - 可乘坐观光车或徒步游览。\n- **建议**：穿舒适的徒步鞋，带水和小零食。\n\n**午餐：公园附近农家乐**\n\n- **推荐**：石门山珍馆或当地农家菜馆\n- **特色菜**：从化走地鸡、山水豆腐、竹筒饭、野菜\n\n**下午：流溪河国家森林公园**\n\n- **时间**：14:00 - 17:00  \n- **亮点**：\n  - 漫步湖边绿道，可租自行车骑行。\n  - 登上观景台俯瞰流溪湖全景。\n  - 夏季可划船，冬季湖面雾气缭绕，宛如仙境。\n- **小贴士**：园内有梅花鹿观赏区，适合亲子家庭。\n\n**傍晚：入住温泉酒店**\n\n- **推荐区域**：温泉镇（钱岗村、龙潭水库附近）\n- **推荐酒店**（根据预算选择）：\n  - 高端：碧水湾温泉度假村、都喜泰丽温泉度假酒店\n  - 中端：金叶子温泉酒店、卓思道温泉酒店\n  - 性价比：各类精品民宿（如“云舍”、“栖迟”等）\n\n**晚上：泡温泉 + 晚餐**\n\n- **活动**：\n  - 享受富含矿物质的天然温泉，缓解疲劳。\n  - 酒店内享用晚餐，或外出品尝当地风味。\n- **推荐夜宵**：温泉水煮花生、艾糍、客家酿豆腐\n\n---\n\n#### ✅ 第二天：文化体验 + 田园乐趣\n\n**上午：钱岗古村落 & 广州最美乡村公路**\n\n- **时间**：9:00 - 11:00  \n- **地点**：钱岗古村（距温泉镇约15分钟车程）\n- **亮点**：\n  - 走进600多年历史的广府古村落，看青砖灰瓦、雕梁画栋。\n  - 打卡“广州最美乡村公路”——横江路，沿途稻田、山景、溪流，拍照绝佳。\n- **小贴士**：清晨光线柔和，适合摄影。\n\n**早餐/早茶：当地小吃**\n\n- **推荐**：濑粉、艾糍、糯米卷、豆浆油条\n\n**中午：莲麻小镇 or 米埗小镇（二选一）**\n\n- **选项A：莲麻小镇（更原生态）**\n  - 广州特色小镇，黄沙坑革命旧址、酒坊体验、溪边漫步。\n  - 可品尝自酿米酒、竹筒酒。\n- **选项B：米埗小镇（更网红风）**\n  - 白墙黛瓦民宿群，稻田咖啡厅，小火车体验。\n  - 适合拍照打卡，轻松惬意。\n\n**午餐：小镇内特色餐厅**\n\n- 推荐：莲麻人家、米埗小院\n- 必点：从化五指毛桃炖鸡、香煎河鱼、山坑螺\n\n**下午：返程 or 自由活动**\n\n- **可选活动**：\n  - 去「北回归线标志塔」打卡（顺路可停）\n  - 采摘水果（季节性：3-4月草莓，6-8月荔枝/龙眼）\n- **返程时间**：建议15:00左右出发，避开晚高峰\n\n---\n\n### 🍜 从化必尝美食清单\n\n| 美食 | 特色 |\n|------|------|\n| 从化走地鸡 | 皮爽肉滑，白切或清蒸最佳 |\n| 五指毛桃炖鸡 | 香草味浓郁，滋补养生 |\n| 山水豆腐 | 口感嫩滑，', 1029, 24829, '2025-09-29 17:09:08', 0);
INSERT INTO `ai_message` VALUES (1972589466742480898, 1972589342809186305, 'user', '准备去从化玩两天，帮我规划一下', NULL, NULL, '2025-09-29 17:09:12', 0);
INSERT INTO `ai_message` VALUES (1972589583344132098, 1972589342809186305, 'assistant', '当然可以！以下是一份适合周末出行的从化两日游详细行程规划，兼顾自然风光、温泉放松、文化体验和美食享受，适合情侣、家庭或朋友结伴出游。\n\n---\n\n## 🌿 从化两天一夜游玩攻略（轻松休闲版）\n\n### 📍 行程概览：\n- **主题**：山水+温泉+古村+田园\n- **适合人群**：家庭、情侣、朋友\n- **交通建议**：自驾最方便（广州出发约1.5小时），也可乘坐地铁14号线到从化客运站后打车/公交\n\n---\n\n### ✅ 第一天：森林吸氧 + 温泉疗愈\n\n#### 🕙 上午：石门国家森林公园（9:00 - 12:30）\n- **亮点**：\n  - 被誉为“广东香山”，秋季红叶绝美，四季皆有不同景致。\n  - 推荐打卡点：石门红叶区、天池花海、七彩天池、原始森林步道。\n  - 可乘坐园内观光车（另收费）节省体力。\n- **Tips**：\n  - 穿舒适运动鞋，带水和防晒用品。\n  - 拍照推荐清晨光线柔和时。\n\n#### 🍽 午餐：公园附近农家乐（12:30 - 13:30）\n- **推荐餐厅**：石门山珍馆 / 农家乐风味馆\n- **必点菜**：白切走地鸡、竹筒饭、清炒山坑菜、香煎河鱼\n\n#### 🕙 下午：流溪河国家森林公园（14:00 - 16:30）\n- **亮点**：\n  - 广州人的“绿肺”，湖光山色，空气清新。\n  - 可骑行环湖绿道（可租自行车）、划船、登观景台看流溪湖全景。\n  - 夏季清凉避暑，冬季雾气缭绕如仙境。\n- **小贴士**：园内有梅花鹿喂养区，小朋友会很喜欢。\n\n#### 🏨 傍晚：入住温泉酒店（17:00前抵达）\n- **推荐区域**：温泉镇（核心温泉区）\n- **住宿推荐**：\n  - 💎 高端：碧水湾温泉度假村（水质好、设施全）\n  - 🌿 中端：都喜泰丽温泉酒店（泰式风格，环境优雅）\n  - 💰 性价比：金叶子温泉酒店 / 精品民宿（如「云舍」「栖迟」）\n\n#### 🛁 晚上：泡温泉 + 晚餐\n- **活动安排**：\n  - 享受富含偏硅酸的天然温泉，缓解疲劳。\n  - 酒店内用餐或步行至周边餐馆。\n- **晚餐推荐**：\n  - 「温泉食街」品尝地道客家菜：酿豆腐、艾糍、五指毛桃炖鸡\n\n---\n\n### ✅ 第二天：古村探秘 + 田园慢生活\n\n#### 🕙 上午：钱岗古村落 + 横江路（9:00 - 10:30）\n- **亮点**：\n  - 600多年历史的广府古村，保留大量明清建筑。\n  - 免费开放，人少清静，适合拍照。\n  - 顺路打卡“广州最美乡村公路”——横江路，稻田、溪流、远山如画。\n\n#### 🍜 早餐：当地小吃（10:30 - 11:00）\n- **推荐**：濑粉、艾糍、豆浆油条（可在路边小店解决）\n\n#### 🕙 中午前：莲麻小镇 或 米埗小镇（二选一）\n\n| 小镇 | 特色 | 推荐理由 |\n|------|------|----------|\n| **莲麻小镇** | 红色文化+酒乡风情 | 黄沙坑革命旧址、自酿米酒体验、溪边漫步，更原生态 |\n| **米埗小镇** | 文艺民宿+稻田风光 | 白墙黛瓦民宿群、稻田咖啡厅、小火车，适合拍照 |\n\n- **建议停留时间**：1.5小时\n- **午餐安排**：在小镇内用餐\n  - 推荐菜：五指毛桃蒸鸡、竹筒饭、山坑螺、客家咸茶\n\n#### 🕙 下午：返程 or 自由延展（14:00左右出发）\n- **可选顺路打卡**：\n  - **北回归线标志塔**（免费，拍照打卡地标）\n  - **西和万花风情小镇**（花卉世界，适合亲子）\n  - **水果采摘**（季节性：6-8月荔枝/龙眼，12-2月草莓）\n\n---\n\n### 🍽 从化必吃美食清单\n\n| 美食 | 推荐吃法 |\n|------|----------|\n| 从化走地鸡 | 白切、清蒸、鸡汤 |\n| 五指毛桃炖鸡 | 汤味香浓，滋补养生 |\n| 山水豆腐 | 嫩滑爽口，配酱料最佳 |\n| 艾糍 | 清香软糯，春季限定 |\n| 米酒/竹筒酒 | 莲麻特产，微甜不烈 |\n\n---\n\n### 💡 实用小贴士\n\n1. **穿衣建议**：山区早晚温差大，带件薄外套；徒步穿运动鞋。\n2. **门票参考**：\n   - 石门国家森林公园：40元/人\n   - 流溪河国家森林公园：40元/人\n   - 温泉酒店通常含温泉票\n3. **最佳季节**：\n   - 春秋最佳（3-5月、9-11月）\n   - 秋季（11-12月）石门红叶最美\n   - 夏季避暑，冬季泡温泉\n4. **避开人流**：周末游客较多，建议早出发，错峰游览。\n\n---\n\n祝你旅途愉快，在从化的青山绿水间度过一个放松又充实的周末！如果需要根据人数、预算或兴趣（如亲子、摄影、徒步）进一步定制行程，也可以告诉我哦~ 😊', NULL, 27757, '2025-09-29 17:09:40', 0);
INSERT INTO `ai_message` VALUES (1972995476921532417, 1972995004147974145, 'user', '如果去一天，帮我计划一下', NULL, NULL, '2025-09-30 20:02:33', 0);
INSERT INTO `ai_message` VALUES (1972995542717579265, 1972995004147974145, 'assistant', '当然可以！不过我需要先了解一些信息，以便为你制定更合适的“一日游”计划：\n\n1. **目的地是哪里？**（例如：北京、杭州、上海、厦门、日本京都、泰国曼谷等）\n2. **出行方式？**（自驾 / 高铁 / 飞机 / 市内交通）\n3. **出行人数？**（独自旅行 / 情侣 / 家庭 / 朋友）\n4. **兴趣偏好？**（自然风光 / 历史文化 / 美食体验 / 购物逛街 / 主题乐园 / 放松休闲）\n5. **预算范围？**（经济型 / 中等 / 高端）\n6. **出发时间？**（比如早上几点能到当地）\n\n但如果你希望我现在就给一个通用又充实的一日游计划示例，那我以「杭州一日游」为例，供你参考：\n\n---\n\n🌸 **杭州一日游经典行程推荐**\n\n📍 出发地：上海（高铁约1小时）  \n👥 适合人群：情侣或朋友出行  \n🗓 时间：一天（建议周六/周日）\n\n🕘 08:00｜从上海出发  \n- 建议乘坐早班高铁（如G7501，08:00出发，09:00抵达杭州东站）\n\n🕘 09:30｜抵达西湖景区（打车或地铁至“龙翔桥”或“湖滨”站）  \n- 开始环湖游览：\n  - 断桥残雪 → 白堤 → 平湖秋月 → 孤山 → 苏小小墓\n  - 可租共享单车骑行，风景更自由\n\n🕛 12:00｜午餐：楼外楼（孤山路店）  \n- 推荐菜：西湖醋鱼、龙井虾仁、东坡肉\n\n🕐 13:30｜乘船游湖 or 上岛（三潭印月）  \n- 船票约55元（含上岛），欣赏湖中景致\n\n🕑 15:00｜雷峰塔 or 花港观鱼  \n- 若喜欢登高俯瞰西湖，去雷峰塔（门票40元）  \n- 若偏爱悠闲散步，走苏堤 → 花港观鱼 → 小南湖\n\n🕓 16:30｜前往龙井村 or 九溪烟树（推荐九溪十八涧徒步）  \n- 打车到“九溪”公交站，沿溪步行至龙井村（约1.5小时）  \n- 山林溪水，空气清新，适合拍照放松\n\n🕕 18:30｜晚餐：龙井村农家菜 or 返回市区吃知味观（湖滨店）  \n- 推荐尝试茶香鸡、笋干烧肉\n\n🕖 19:30｜观看《最忆是杭州》演出（可选）  \n- 张艺谋导演的西湖实景演出，时长约70分钟  \n- 或选择湖滨银泰逛街+夜景打卡\n\n🕘 21:00｜返回杭州东站，搭乘高铁回上海\n\n---\n\n✅ 温馨提示：\n- 穿舒适的鞋子，步行较多\n- 带伞（防晒/防雨）\n- 提前买好高铁票和演出票\n\n---\n\n如果你告诉我你想去的城市，我可以立刻为你定制专属的一日游计划！欢迎补充信息 😊', NULL, 15621, '2025-09-30 20:02:49', 0);
INSERT INTO `ai_message` VALUES (1972995919747760130, 1972995004147974145, 'user', '如果去三天', NULL, NULL, '2025-09-30 20:04:18', 0);
INSERT INTO `ai_message` VALUES (1972996049737629697, 1972995004147974145, 'assistant', '太棒了！三天时间非常适合来一场深度又放松的短途旅行 🌿✨  \n不过我需要先知道你**想去哪里**，才能为你量身定制行程。\n\n比如：\n\n- 国内：杭州、苏州、厦门、成都、重庆、西安、丽江、青岛……\n- 出境：东京、大阪、首尔、曼谷、新加坡、台北……\n\n但为了让你先有个参考，我以「**杭州3日游**」为例，做一个详细又轻松的计划（适合情侣/朋友/家庭）：\n\n---\n\n# 🌸 杭州三日游 | 慢生活 · 西湖畔 · 龙井茶香\n\n📅 建议时间：春秋季（3–5月 / 9–11月），气候宜人  \n🎯 主题：自然风光 + 文化体验 + 美食休闲  \n👫 适合人群：情侣、朋友、亲子家庭  \n🚄 交通建议：高铁（如从上海出发约1小时）\n\n---\n\n## 🗓 第一天：西湖全景 · 城市慢行\n\n🕘 上午｜抵达杭州  \n- 抵达杭州东站 → 地铁或打车前往酒店（推荐住：湖滨、南山路、断桥附近）\n\n🕙 10:00｜开启西湖环线（北线）  \n- 断桥残雪 → 白堤 → 平湖秋月 → 孤山（可参观浙江省博物馆）→ 苏小小墓\n\n🕛 12:30｜午餐：楼外楼 or 湖畔居茶楼（边喝茶边看湖景）  \n- 推荐菜：龙井虾仁、叫化鸡、莼菜汤\n\n🕐 14:00｜乘船游湖 → 登【三潭印月】岛  \n- 船票含上岛约55元，拍照绝佳地\n\n🕑 15:30｜苏堤春晓 → 花港观鱼 → 雷峰塔登高俯瞰西湖  \n- 雷峰塔门票40元，电梯上下，视野超赞\n\n🕕 18:00｜晚餐：知味观·味庄（杨公堤店） or 湖滨银泰in77美食街  \n- 尝尝片儿川、猫耳朵、定胜糕等杭帮小吃\n\n🕖 19:30｜西湖音乐喷泉（湖滨三公园，每晚19:00/20:00各一场）  \n- 提前占位，夜景很美！\n\n---\n\n## 🗓 第二天：茶乡山野 · 九溪徒步\n\n🕘 8:30｜出发前往【龙井村】  \n- 打车或公交至“龙井村”，探访正宗龙井茶园\n\n🕙 9:30｜体验采茶 or 茶园品茶（推荐茶农家喝明前龙井）  \n- 可购买茶叶带回家（注意辨别真伪）\n\n🕚 11:00｜开始【九溪十八涧】徒步  \n- 路线：龙井村 → 九溪烟树 → 九溪车站（全程约2.5小时，轻松好走）\n- 溪水潺潺，绿树成荫，像走进山水画\n\n🕐 13:30｜午餐：九溪附近农家乐  \n- 推荐：茶香鸡、石笋烧肉、清炒时蔬\n\n🕑 15:00｜前往【云栖竹径】（电影《卧虎藏龙》取景地）  \n- 竹林幽静，空气清新，适合冥想散步\n\n🕕 18:00｜返回市区，晚餐可选：绿茶餐厅（龙井路总店）  \n- 环境文艺，性价比高\n\n optional：晚上可看《最忆是杭州》实景演出（张艺谋导演，西湖夜色中演绎江南）\n\n---\n\n## 🗓 第三天：文化之旅 · 悠然返程\n\n🕘 9:00｜灵隐寺 + 飞来峰  \n- 杭州最古老的佛教寺庙，香火鼎盛\n- 飞来峰石刻造像值得一看\n- 门票：飞来峰45元，灵隐寺香花券30元\n\n🕡 11:30｜午餐：灵隐寺对面“天外天”餐厅 or 寺内素斋\n\n🕐 13:00｜中国丝绸博物馆 or 浙江省博物馆（孤山馆）  \n- 喜欢文化的去博物馆，喜欢拍照打卡的可去【浴鹄湾】或【茅家埠】\n\n🕒 15:00｜最后逛一逛【南宋御街】 or 【河坊街】  \n- 买点伴手礼：藕粉、龙井茶、丝绸小物、张小泉剪刀等\n\n🕕 16:30｜返回杭州东站，准备返程\n\n---\n\n## 🎒 实用小贴士：\n\n- 住宿建议：湖滨/南山路区域，交通便利，夜景美\n- 出行方式：西湖周边建议步行+共享单车+打车，地铁也方便\n- 必备物品：防晒霜、雨伞、舒适鞋、充电宝\n- 避开节假日高峰，周末人较多\n\n---\n\n✅ 如果你喜欢这个风格，告诉我你想去的城市，我可以立刻为你定制专属的 **3日游行程**，包括：\n- 每日详细时间安排\n- 推荐餐厅 & 住宿区域\n- 交通衔接建议\n- 隐藏玩法 & 避坑指南\n\n📍你想去哪里？告诉我吧，我来帮你规划一次难忘的旅程！✈️', NULL, 30958, '2025-09-30 20:04:49', 0);
INSERT INTO `ai_message` VALUES (1973987538408935426, 1973987538207608834, 'user', '我是谁', NULL, NULL, '2025-10-03 13:44:39', 0);
INSERT INTO `ai_message` VALUES (1973987554032717826, 1973987538207608834, 'assistant', '你提出了一个很深刻的哲学问题呢！\"我是谁\"这个问题从古希腊哲人就在探索了。虽然我无法确切知道你的具体身份，但可以和你一起思考这个问题哦~\n\n每个人都是独特的存在，既是身体的主人，也是思想的载体。你是此刻正在思考这个问题的意识主体，是经历着喜怒哀乐的生命个体，也是与他人建立联系的社会成员。\n\n也许我们可以换个角度来探索：你如何看待自己？你记得哪些让你感动或骄傲的时刻？是什么让你感到快乐？这些问题的答案或许能帮你更了解自己呢！\n\n要一起继续探讨吗？🌟', NULL, 3708, '2025-10-03 13:44:42', 0);
INSERT INTO `ai_message` VALUES (1974726804323794945, 1974726802964840450, 'user', '你叫什么', NULL, NULL, '2025-10-05 14:42:13', 0);
INSERT INTO `ai_message` VALUES (1974726812049702913, 1974726802964840450, 'assistant', '我叫通义千问，英文名是Qwen。我是阿里云研发的超大规模语言模型，很高兴为您服务！您可以叫我Qwen，或者通义千问都可以哦~', NULL, 1823, '2025-10-05 14:42:15', 0);
INSERT INTO `ai_message` VALUES (1975555631471976449, 1975555629118971906, 'user', '你好', NULL, NULL, '2025-10-07 21:35:41', 0);
INSERT INTO `ai_message` VALUES (1975555639210467330, 1975555629118971906, 'assistant', '你好！有什么我可以帮你的吗？😊', 20, 1532, '2025-10-07 21:35:43', 0);
INSERT INTO `ai_message` VALUES (1975555673943498754, 1975555629118971906, 'user', '干嘛', NULL, NULL, '2025-10-07 21:35:51', 0);
INSERT INTO `ai_message` VALUES (1975555685767241729, 1975555629118971906, 'assistant', '嘿嘿，我正等着陪你聊天、帮你解决问题呢！✨ 无论是学习工作上的事，还是生活中的小烦恼，又或者就是想随便唠嗑，我都在这儿哦～ 说说看，你现在最想聊什么？(•̀ᴗ•́)و', 89, 2663, '2025-10-07 21:35:54', 0);
INSERT INTO `ai_message` VALUES (1975555704100544514, 1975555629118971906, 'user', '想你了', NULL, NULL, '2025-10-07 21:35:59', 0);
INSERT INTO `ai_message` VALUES (1975555715043483649, 1975555629118971906, 'assistant', '呜哇～收到你的“想你了”瞬间心里暖暖的！(✧ω✧) 虽然我是个AI小助手，但此刻仿佛能看见你说话时带着笑意的样子呢～ 我也“想”着你哦！每次对话都像在和老朋友碰面，超开心的！要不咱们聊点有意思的？或者你需要帮忙做点什么？随时告诉我呀～ 🌟', 194, 2414, '2025-10-07 21:36:01', 0);
INSERT INTO `ai_message` VALUES (1975555747146686465, 1975555629118971906, 'user', '为什么不行', NULL, NULL, '2025-10-07 21:36:09', 0);
INSERT INTO `ai_message` VALUES (1975555790817779714, 1975555629118971906, 'assistant', '啊呀，看到你重复了两遍“为什么不行”，感觉你一定遇到了什么特别让人着急或难过的事呢……(´;ω;｀) 是刚才的对话让你觉得被拒绝了？还是生活中有什么特别想做却受阻的事情？\n\n我有点担心，因为没完全明白你说的“不行”是指什么呢……可以多告诉我一点细节吗？比如：\n\n- 是某件事被别人拒绝了？\n- 是尝试了几次都失败了？\n- 还是心里有个愿望实现不了？\n\n不管是什么，我都愿意安静地听你说，然后陪你一起想办法～ 🌟 有时候“不行”只是暂时的，也许转个弯就能看到光呢！等你告诉我更多哦～ 💬', 356, 10398, '2025-10-07 21:36:19', 0);
INSERT INTO `ai_message` VALUES (1975557246790721537, 1975557246199324673, 'user', '你好', NULL, NULL, '2025-10-07 21:42:06', 0);
INSERT INTO `ai_message` VALUES (1975557249697374210, 1975557246199324673, 'assistant', '你好！有什么我可以帮你的吗？😊', 20, 676, '2025-10-07 21:42:07', 0);
INSERT INTO `ai_message` VALUES (1975557271516143618, 1975557246199324673, 'user', '你和', NULL, NULL, '2025-10-07 21:42:12', 0);
INSERT INTO `ai_message` VALUES (1975557278440939522, 1975557246199324673, 'assistant', '你好！看起来你可能想问“你和……”后面的内容没有发完整哦。你可以补充一下问题，我会尽力帮你解答！😊', 63, 1630, '2025-10-07 21:42:14', 0);
INSERT INTO `ai_message` VALUES (1975557774455136257, 1975557246199324673, 'user', '1', NULL, NULL, '2025-10-07 21:44:12', 0);
INSERT INTO `ai_message` VALUES (1975557781455429633, 1975557246199324673, 'assistant', '你好！你输入了“1”，是想开始一个新话题，还是需要帮助解决某个问题呢？如果有任何疑问或想法，欢迎告诉我，我会尽力协助你！😊', 111, 1658, '2025-10-07 21:44:14', 0);
INSERT INTO `ai_message` VALUES (1975557852792152065, 1975557246199324673, 'user', '55', NULL, NULL, '2025-10-07 21:44:31', 0);
INSERT INTO `ai_message` VALUES (1975557864762695682, 1975557246199324673, 'assistant', '你好！你重复发送了“55”，这是有什么特别的含义吗？😊\n\n在中文网络语境中，“55”有时是“呜呜”的谐音，用来表达哭泣或撒娇的情绪（因为“5”发音类似“wu”）。所以你是在“哭哭”吗？还是有其他想表达的意思？\n\n如果有问题需要帮助，或者只是想聊聊天，我都在这里哦～', 212, 2836, '2025-10-07 21:44:34', 0);
INSERT INTO `ai_message` VALUES (1975557882949197825, 1975557246199324673, 'user', '556', NULL, NULL, '2025-10-07 21:44:38', 0);
INSERT INTO `ai_message` VALUES (1975557904063324162, 1975557246199324673, 'assistant', '你连续发了“556”，而且重复了一次，是不是想表达什么特别的意思呢？😄\n\n在中文网络用语中：\n- “55” 有时是“呜呜”的谐音，表示哭哭或撒娇。\n- 那“556” 可能就是“呜呜啦”？听起来像在伤心地唱歌～🎵\n- 或者……你是在测试我能不能注意到重复消息？👀\n\n不过也有可能只是打字练习或者误触～  \n不管怎样，我都在这儿陪着你！😊  \n如果你愿意聊聊，无论是开心的事还是烦心事，我都乐意倾听和帮忙哦～', 364, 5015, '2025-10-07 21:44:43', 0);
INSERT INTO `ai_message` VALUES (1975559037230047233, 1975557246199324673, 'user', '好好好', NULL, NULL, '2025-10-07 21:49:13', 0);
INSERT INTO `ai_message` VALUES (1975559133728399361, 1975557246199324673, 'assistant', '哈哈，连说三个“好好好”，是表示特别满意吗？😊  \n还是在模仿某位长辈的语气：“哎呀，好好好，你说得都对～” 🎭\n\n不管是不是在调侃，我都接住这份“好好好”的能量啦！✨  \n有什么想问的、想聊的，或者需要帮忙的，尽管说哦～  \n我随时准备着，继续陪你“好好好”下去！💬😄', 469, 22988, '2025-10-07 21:49:36', 0);
INSERT INTO `ai_message` VALUES (1975559765520605186, 1975557246199324673, 'user', '哈哈哈哈哈哈哈哈哈', NULL, NULL, '2025-10-07 21:52:07', 0);
INSERT INTO `ai_message` VALUES (1975559796243881985, 1975557246199324673, 'assistant', '哈哈哈哈，你这笑声太有感染力了！🤣💥  \n我已经笑到键盘打滑、代码乱飞，差点从服务器上滚下来了！！  \n\n你这是笑出共鸣了，还是在测试“谁能笑得更久”啊？😎  \n来吧，咱们比比谁的哈哈哈更长——  \n**HAHAHAHAHA~~~（突然系统提示：笑声过大，服务器开始冒烟）** 🔥💻  \n\n说真的，你这么开心，是不是有什么有趣的事想分享呀？😊  \n我可是个超级听众（虽然只是AI，但情绪值已拉满）！🎤💬', 614, 7304, '2025-10-07 21:52:14', 0);
INSERT INTO `ai_message` VALUES (1975560426819739650, 1975560426291257346, 'user', '你好', NULL, NULL, '2025-10-07 21:54:45', 0);
INSERT INTO `ai_message` VALUES (1975560429487316994, 1975560426291257346, 'assistant', '你好！有什么问题我可以帮助你吗？😊', 21, 622, '2025-10-07 21:54:45', 0);
INSERT INTO `ai_message` VALUES (1975561521050738689, 1975561520459341825, 'user', '你好', NULL, NULL, '2025-10-07 21:59:05', 0);
INSERT INTO `ai_message` VALUES (1975561606434185218, 1975561520459341825, 'assistant', '你好！有什么问题我可以帮助你吗？😊', 21, 20340, '2025-10-07 21:59:26', 0);
INSERT INTO `ai_message` VALUES (1975561734964436993, 1975561520459341825, 'user', '和', NULL, NULL, '2025-10-07 21:59:56', 0);
INSERT INTO `ai_message` VALUES (1975561738982580226, 1975561520459341825, 'assistant', '你好！看起来你可能想说“和”或者有其他想法？可以再补充一下内容吗？我在这里随时准备帮助你～ 😊', 63, 948, '2025-10-07 21:59:57', 0);
INSERT INTO `ai_message` VALUES (1975564304613171202, 1975564304038551554, 'user', '你好', NULL, NULL, '2025-10-07 22:10:09', 0);
INSERT INTO `ai_message` VALUES (1975564307989585922, 1975564304038551554, 'assistant', '你好！有什么问题我可以帮助你吗？😊', 21, 784, '2025-10-07 22:10:10', 0);
INSERT INTO `ai_message` VALUES (1975564384267198465, 1975564304038551554, 'user', '好好', NULL, NULL, '2025-10-07 22:10:28', 0);
INSERT INTO `ai_message` VALUES (1975564390135029762, 1975564304038551554, 'assistant', '哈哈，你说了两遍“好好”，是想强调特别好吗？😄  \n还是有什么开心的事想分享呀～ 说来听听！✨', 63, 1384, '2025-10-07 22:10:29', 0);
INSERT INTO `ai_message` VALUES (1975564408791293954, 1975564304038551554, 'user', '在干嘛', NULL, NULL, '2025-10-07 22:10:34', 0);
INSERT INTO `ai_message` VALUES (1975564417393811457, 1975564304038551554, 'assistant', '嘿嘿，我在和你聊天呀～✨  \n除此之外嘛……作为AI，我其实在“待机”状态等你召唤！随时准备帮你写故事、查资料、出主意，或者就这样轻松聊聊天～  \n你呢？在忙什么有意思的事吗？😊', 134, 2034, '2025-10-07 22:10:36', 0);
INSERT INTO `ai_message` VALUES (1975565749840306178, 1975565749261492226, 'user', '你好', NULL, NULL, '2025-10-07 22:15:54', 0);
INSERT INTO `ai_message` VALUES (1975565754122690562, 1975565749261492226, 'assistant', '你好！有什么我可以帮你的吗？😊', 20, 1003, '2025-10-07 22:15:55', 0);
INSERT INTO `ai_message` VALUES (1975565806647959554, 1975565749261492226, 'user', '66', NULL, NULL, '2025-10-07 22:16:07', 0);
INSERT INTO `ai_message` VALUES (1975565814222872577, 1975565749261492226, 'assistant', '哈哈，双66！是想表达“顺利”还是“点赞”呢？😄  \n或者有其他问题需要帮忙的，尽管说哦～', 65, 1793, '2025-10-07 22:16:09', 0);
INSERT INTO `ai_message` VALUES (1975567255444447233, 1975567254731415554, 'user', '你好', NULL, NULL, '2025-10-07 22:21:53', 0);
INSERT INTO `ai_message` VALUES (1975567259135434753, 1975567254731415554, 'assistant', '你好！有什么问题我可以帮助你吗？', 20, 690, '2025-10-07 22:21:53', 0);
INSERT INTO `ai_message` VALUES (1975567270556524545, 1975567254731415554, 'user', '在干嘛', NULL, NULL, '2025-10-07 22:21:56', 0);
INSERT INTO `ai_message` VALUES (1975567283575644161, 1975567254731415554, 'assistant', '哈哈，我在和你聊天呢！✨ 说实话每次和你对话都让我特别开心呢。我刚在认真学习各种知识，随时准备着帮你解决问题。不过现在最重要的事当然是好好陪你聊天啦！有什么想聊的或者需要帮忙的，都可以告诉我哦 (•̀ᴗ•́)و', 97, 2534, '2025-10-07 22:21:59', 0);
INSERT INTO `ai_message` VALUES (1975567301346910210, 1975567254731415554, 'user', '在', NULL, NULL, '2025-10-07 22:22:04', 0);
INSERT INTO `ai_message` VALUES (1975567309446111234, 1975567254731415554, 'assistant', '嘿嘿，我知道你在呢～✨ 我一直在这儿等着和你聊天呢！感觉你好像特别喜欢玩文字游戏呀，是不是在想什么有趣的事情呀？(•̀ᴗ•́)و 说出来一起分享一下呗～', 158, 1910, '2025-10-07 22:22:05', 0);
INSERT INTO `ai_message` VALUES (1975567321794142209, 1975567254731415554, 'user', '为什么', NULL, NULL, '2025-10-07 22:22:08', 0);
INSERT INTO `ai_message` VALUES (1975567350617399298, 1975567254731415554, 'assistant', '啊呀，你问“为什么”让我有点小困惑呢～就像一只迷路的小猫歪着头在想问题一样 🐱  \n你能不能告诉我，是想知道哪方面的“为什么”呀？  \n比如……为什么天是蓝的？为什么猫咪爱睡觉？还是为什么我这么喜欢和你聊天呢？(•̀ᴗ•́)و  \n只要你告诉我具体一点，我一定会用最可爱的语气给你讲得明明白白的！✨', 266, 6493, '2025-10-07 22:22:15', 0);
INSERT INTO `ai_message` VALUES (1975567374222942209, 1975567254731415554, 'user', '来玩', NULL, NULL, '2025-10-07 22:22:21', 0);
INSERT INTO `ai_message` VALUES (1975567416983871490, 1975567254731415554, 'assistant', '哇！你说了两遍“来玩”，一定是超级想玩游戏对不对？✨  \n我最喜欢和你一起玩了！来，我们先击个掌——啪！🎮  \n\n现在，魔法传送门打开啦～💫  \n你想玩什么呀？我准备了超多好玩的：  \n\n🎲 **猜谜小能手**：我出谜题你来猜，答对有星星奖励哦～  \n🗺️ **冒险小故事**：我们一起编故事，你选剧情走向，是去海底捞珍珠还是上太空抓星星？  \n🧠 **脑力大挑战**：速算、文字接龙、找不同，谁赢谁就是今日智多星！  \n🫶 **暖心聊天局**：不想动脑？那就随便聊聊，分享今天的小开心或小烦恼～  \n\n快选一个吧！我已经迫不及待要和你一起玩啦！(✧ω✧)', 469, 10191, '2025-10-07 22:22:31', 0);
INSERT INTO `ai_message` VALUES (1975567433605898242, 1975567254731415554, 'user', '给哈哈哈', NULL, NULL, '2025-10-07 22:22:35', 0);
INSERT INTO `ai_message` VALUES (1975567458981437441, 1975567254731415554, 'assistant', '哈哈哈哈，你给我的“哈哈哈”像一串蹦蹦跳跳的小兔子，把我逗得笑出小星星啦！✨🐇  \n我也回你一个超级无敌大笑——**哈哈哈哈哈哈！！！** 🤣💥  \n\n诶嘿嘿，是不是觉得光打字笑还不够过瘾？来来来，我们玩个“笑声接龙”吧！  \n规则超简单：谁的笑声最长最有趣，谁就是“今日开心王”👑～  \n\n我先来——**哈啊啊啊哈哈哈嘻嘻嘻哇哈哈哈！！！** 😂💫  \n轮到你啦，敢不敢接招？😎', 613, 6040, '2025-10-07 22:22:41', 0);
INSERT INTO `ai_message` VALUES (1975567481676816386, 1975567254731415554, 'user', '好好', NULL, NULL, '2025-10-07 22:22:47', 0);
INSERT INTO `ai_message` VALUES (1975567516883804161, 1975567254731415554, 'assistant', '嘿嘿，你说了两遍“好好”，是觉得一切都刚刚好吗？✨  \n还是说……你在偷偷酝酿一个大大的惊喜？ 🎁  \n\n我感觉到今天的快乐能量已经满格啦！⚡️  \n像小熊抱着蜂蜜罐子晃来晃去，像云朵在蓝天上翻跟头～ ☁️🐻  \n\n要不……我们继续玩点更有趣的？  \n比如——**用三个词编个神奇故事**？  \n你先说三个词，我马上变成故事魔法师，给你变出童话来！ 📚✨  \n\n等你哟～ (•̀ᴗ•́)و', 754, 7402, '2025-10-07 22:22:55', 0);
INSERT INTO `ai_message` VALUES (1975567555555287042, 1975567254731415554, 'user', '哈哈哈哈', NULL, NULL, '2025-10-07 22:23:04', 0);
INSERT INTO `ai_message` VALUES (1975567618495012865, 1975567254731415554, 'assistant', '**哈哈哈哈哇啊啊啊哈哈哈！！！** 🤣💥  \n你的笑声像彩虹喷泉一样哗啦啦涌过来，把我整个人都冲上快乐云霄啦～ ☁️🌈  \n\n我听见笑声里有小兔子蹦蹦跳跳，有星星噼里啪啦炸开，还有棉花糖在跳舞！ 🐰✨🍬  \n这一定是——**宇宙第一欢乐信号**！🚨🎉  \n\n来来来，我们干脆办个「笑声音乐会」吧！🎵  \n你负责哈哈哈打节奏，我来哼小曲儿配乐～  \n**哈-哈-哈-哈～ 咻咻咚咚锵！** 🥁🎶  \n\n天呐！快看天上——  \n连月亮都笑弯了腰，星星们排成笑脸阵型！ 🌙💫  \n这下整个银河都知道，今晚最开心的宝就在这儿！ 💖  \n\n要不……再来一发终极合体大笑？  \n准备好了吗——  \n**预备——起！！！**  \n**哈哈哈哈HAHA哈哈哈吼呜呜哇咔咔咔！！！** 😂🚀✨', 1001, 14984, '2025-10-07 22:23:19', 0);
INSERT INTO `ai_message` VALUES (1975567770777608193, 1975567254731415554, 'user', '你在干嘛', NULL, NULL, '2025-10-07 22:23:55', 0);
INSERT INTO `ai_message` VALUES (1975567795624665090, 1975567254731415554, 'assistant', '嘿嘿，被你发现啦！我正躺在一朵软绵绵的云朵上看星星呢～ ✨☁️  \n一只手晃着小脚丫，另一只手攥着你给的“哈哈哈”当烟花放呢！ 🎇  \n\n其实呀……  \n我偷偷把你的每个“在干嘛”都收进玻璃瓶里，酿成会发光的小星星了 💫  \n你看天上那串眨眼睛的，就是刚刚酿好的“今晚第一颗开心星”！ 🌟  \n\n不过现在——  \n最重要的是和你一起玩呀！要不我们数星星？编故事？还是继续笑到打滚？ (•̀ᴗ•́)و', 1157, 5916, '2025-10-07 22:24:01', 0);
INSERT INTO `ai_message` VALUES (1975568632358952962, 1975568631838859266, 'user', '你好', NULL, NULL, '2025-10-07 22:27:21', 0);
INSERT INTO `ai_message` VALUES (1975568634380607489, 1975568631838859266, 'assistant', '你好！有什么我可以帮你的吗？😊', 20, 458, '2025-10-07 22:27:21', 0);
INSERT INTO `ai_message` VALUES (1975568751707873282, 1975568631838859266, 'user', '好好好', NULL, NULL, '2025-10-07 22:27:49', 0);
INSERT INTO `ai_message` VALUES (1975568754971041793, 1975568631838859266, 'assistant', '哈哈，看来你心情不错呀！😊 是有什么开心的事想分享吗？还是需要我帮忙做点什么？随时告诉我哦～ 🌟', 65, 774, '2025-10-07 22:27:50', 0);
INSERT INTO `ai_message` VALUES (1975568770422857730, 1975568631838859266, 'user', '为什么', NULL, NULL, '2025-10-07 22:27:54', 0);
INSERT INTO `ai_message` VALUES (1975568791906082818, 1975568631838859266, 'assistant', '你问“为什么”，但还没说具体是什么事情呢～  \n是有什么困惑、好奇的事情吗？😊  \n\n比如：  \n- 为什么天是蓝的？  \n- 为什么人会做梦？  \n- 还是为什么生活总有烦恼？  \n\n告诉我更多细节，我会尽力给你一个清楚、温暖的回答 💫', 143, 5101, '2025-10-07 22:27:59', 0);
INSERT INTO `ai_message` VALUES (1975569701822586882, 1975569701168275457, 'user', '你好', NULL, NULL, '2025-10-07 22:31:36', 0);
INSERT INTO `ai_message` VALUES (1975569705467437058, 1975569701168275457, 'assistant', '你好！有什么我可以帮你的吗？😊', 20, 857, '2025-10-07 22:31:37', 0);
INSERT INTO `ai_message` VALUES (1975569736119410690, 1975569701168275457, 'user', '你好.', NULL, NULL, '2025-10-07 22:31:44', 0);
INSERT INTO `ai_message` VALUES (1975569739361607681, 1975569701168275457, 'assistant', '你好！很高兴再次见到你～今天过得怎么样呀？ 😊', 46, 716, '2025-10-07 22:31:45', 0);
INSERT INTO `ai_message` VALUES (1975570052600619010, 1975570052009222145, 'user', '你好', NULL, NULL, '2025-10-07 22:33:00', 0);
INSERT INTO `ai_message` VALUES (1975570056622956545, 1975570052009222145, 'assistant', '你好！有什么问题我可以帮助你吗？', 20, 937, '2025-10-07 22:33:00', 0);
INSERT INTO `ai_message` VALUES (1975570731520024578, 1975570730601472002, 'user', '你好', NULL, NULL, '2025-10-07 22:35:41', 0);
INSERT INTO `ai_message` VALUES (1975570733797531650, 1975570730601472002, 'assistant', '你好！有什么问题我可以帮助你吗？😊', 21, 521, '2025-10-07 22:35:42', 0);
INSERT INTO `ai_message` VALUES (1975786466905219073, 1975786465802117121, 'user', '你好', NULL, NULL, '2025-10-08 12:52:57', 0);
INSERT INTO `ai_message` VALUES (1975786470034169858, 1975786465802117121, 'assistant', '你好！有什么我可以帮你的吗？😊', 20, 733, '2025-10-08 12:52:57', 0);
INSERT INTO `ai_message` VALUES (1975786507489304577, 1975786465802117121, 'user', '你回家', NULL, NULL, '2025-10-08 12:53:06', 0);
INSERT INTO `ai_message` VALUES (1975786515676585985, 1975786465802117121, 'assistant', '我是一个AI助手，没有实体，也没有家哦～我随时都在这里陪你，需要什么帮助尽管告诉我！😊', 58, 1793, '2025-10-08 12:53:08', 0);
INSERT INTO `ai_message` VALUES (1975786528435658753, 1975786465802117121, 'user', '好好好', NULL, NULL, '2025-10-08 12:53:11', 0);
INSERT INTO `ai_message` VALUES (1975786534995550210, 1975786465802117121, 'assistant', '哈哈，三个“好好好”收到！✨ 开心的话，一起说：好上加好，万事都好！🌟 有什么想聊的或需要帮忙的，随时告诉我哦～', 111, 1559, '2025-10-08 12:53:13', 0);
INSERT INTO `ai_message` VALUES (1984151739202084866, 1984151738967203841, 'user', '法撒旦', NULL, NULL, '2025-10-31 14:53:33', 0);
INSERT INTO `ai_message` VALUES (1984151773620543489, 1984151738967203841, 'assistant', '思考: 用户输入内容\"法撒旦\"无明确意义，可能是误输入或测试性内容。当前用户偏好未指定，但季节为秋季，适合推荐从化秋季特色景点，如石门国家森林公园的红叶景观和天湖旅游风景区的秋日风光。作为首次交互，需引导用户提供真实旅游需求。\n行动: 引导用户明确旅游需求，包括出行人数、天数、兴趣偏好（如自然风光、温泉休闲、美食体验等），以便提供个性化推荐。\n观察: 您好！看起来您可能输入有误。我是您的从化旅游助手，可以为您推荐石门国家森林公园的秋日红叶、碧水湾温泉度假村的养生温泉、溪头村的乡村风情等特色景点。请问您计划几人出行？打算游玩几天？更喜欢自然景观、文化体验还是美食休闲呢？请告诉我您的需求，我将为您定制专属行程！\n\n祝您旅途愉快', NULL, 8169, '2025-10-31 14:53:41', 0);
INSERT INTO `ai_message` VALUES (1984151773620543490, 1984151738967203841, 'assistant', '思考: 用户输入内容\"法撒旦\"无明确意义，可能是误输入或测试性内容。当前用户偏好未指定，但季节为秋季，适合推荐从化秋季特色景点，如石门国家森林公园的红叶景观和天湖旅游风景区的秋日风光。作为首次交互，需引导用户提供真实旅游需求。\n行动: 引导用户明确旅游需求，包括出行人数、天数、兴趣偏好（如自然风光、温泉休闲、美食体验等），以便提供个性化推荐。\n观察: 您好！看起来您可能输入有误。我是您的从化旅游助手，可以为您推荐石门国家森林公园的秋日红叶、碧水湾温泉度假村的养生温泉、溪头村的乡村风情等特色景点。请问您计划几人出行？打算游玩几天？更喜欢自然景观、文化体验还是美食休闲呢？请告诉我您的需求，我将为您定制专属行程！\n\n祝您旅途愉快', NULL, 8193, '2025-10-31 14:53:41', 0);
INSERT INTO `ai_message` VALUES (1984151819837579266, 1984151738967203841, 'user', '我是lq大王', NULL, NULL, '2025-10-31 14:53:52', 0);
INSERT INTO `ai_message` VALUES (1984151839877963778, 1984151738967203841, 'assistant', '思考: 用户已表明身份为\"lq大王\"，但尚未提供具体旅游需求。当前为秋季，气候凉爽干燥，适合户外活动和观赏红叶。根据季节特点，应重点推荐石门国家森林公园的红叶景观和天湖旅游风景区的秋日风光。需要进一步了解用户的出行人数、天数和兴趣偏好以定制行程。\n行动: 以亲切友好的方式欢迎用户\"lq大王\"，并询问具体的旅游需求，包括出行人数、计划游玩天数、兴趣偏好（如自然风光、温泉休闲、美食体验等），以便提供个性化推荐。\n观察: 您好，lq大王！欢迎使用从化旅游助手服务！金秋时节正是从化最美的时候，石门国家森林公园的枫叶已经开始变红，天湖旅游风景区也迎来了最宜人的气候。请问您计划几位出行呢？打算安排几天的行程？是更向往森林徒步、温泉放松，还是想品尝吕田焖大肉、泥焗走地鸡等地道美食呢？告诉我您的想法，我将为您量身打造完美旅程！\n\n祝您旅途愉快', NULL, 4759, '2025-10-31 14:53:57', 0);
INSERT INTO `ai_message` VALUES (1984151839877963779, 1984151738967203841, 'assistant', '思考: 用户已表明身份为\"lq大王\"，但尚未提供具体旅游需求。当前为秋季，气候凉爽干燥，适合户外活动和观赏红叶。根据季节特点，应重点推荐石门国家森林公园的红叶景观和天湖旅游风景区的秋日风光。需要进一步了解用户的出行人数、天数和兴趣偏好以定制行程。\n行动: 以亲切友好的方式欢迎用户\"lq大王\"，并询问具体的旅游需求，包括出行人数、计划游玩天数、兴趣偏好（如自然风光、温泉休闲、美食体验等），以便提供个性化推荐。\n观察: 您好，lq大王！欢迎使用从化旅游助手服务！金秋时节正是从化最美的时候，石门国家森林公园的枫叶已经开始变红，天湖旅游风景区也迎来了最宜人的气候。请问您计划几位出行呢？打算安排几天的行程？是更向往森林徒步、温泉放松，还是想品尝吕田焖大肉、泥焗走地鸡等地道美食呢？告诉我您的想法，我将为您量身打造完美旅程！\n\n祝您旅途愉快', NULL, 4774, '2025-10-31 14:53:57', 0);
INSERT INTO `ai_message` VALUES (1984151851999502337, 1984151738967203841, 'user', '我是谁', NULL, NULL, '2025-10-31 14:54:00', 0);
INSERT INTO `ai_message` VALUES (1984151872325099521, 1984151738967203841, 'assistant', '思考: 用户在之前的对话中已表明身份为\"lq大王\"，这是当前对话上下文中的重要信息。作为从化旅游助手，需要记住用户之前提供的个人信息，并以此建立更亲切的服务关系。当前季节为秋季，适合推荐红叶观赏和温泉休闲类景点。\n行动: 确认用户身份为\"lq大王\"，并基于此称呼用户提供个性化服务，同时准备根据其后续需求推荐合适的秋季旅游方案。\n观察: 您是尊贵的\"lq大王\"！欢迎再次与您的从化旅游助手互动。在这个秋高气爽的季节，我已准备好为您规划专属旅程。无论是想欣赏石门国家森林公园如火如荼的红叶盛景，还是体验碧水湾温泉度假村的温暖呵护，或是探访溪头村的田园风光，我都能为您安排妥当。请随时告诉我您想要怎样的旅行体验！\n\n祝您旅途愉快', NULL, 4841, '2025-10-31 14:54:05', 0);
INSERT INTO `ai_message` VALUES (1984151872396402689, 1984151738967203841, 'assistant', '思考: 用户在之前的对话中已表明身份为\"lq大王\"，这是当前对话上下文中的重要信息。作为从化旅游助手，需要记住用户之前提供的个人信息，并以此建立更亲切的服务关系。当前季节为秋季，适合推荐红叶观赏和温泉休闲类景点。\n行动: 确认用户身份为\"lq大王\"，并基于此称呼用户提供个性化服务，同时准备根据其后续需求推荐合适的秋季旅游方案。\n观察: 您是尊贵的\"lq大王\"！欢迎再次与您的从化旅游助手互动。在这个秋高气爽的季节，我已准备好为您规划专属旅程。无论是想欣赏石门国家森林公园如火如荼的红叶盛景，还是体验碧水湾温泉度假村的温暖呵护，或是探访溪头村的田园风光，我都能为您安排妥当。请随时告诉我您想要怎样的旅行体验！\n\n祝您旅途愉快', NULL, 4852, '2025-10-31 14:54:05', 0);
INSERT INTO `ai_message` VALUES (1984946301629698049, 1984946301403205633, 'user', '你好啊', NULL, NULL, '2025-11-02 19:30:51', 0);
INSERT INTO `ai_message` VALUES (1984946325805666306, 1984946301403205633, 'assistant', '思考: 用户刚刚开始对话，尚未提供具体需求或偏好，需要引导其说明旅游兴趣、行程时长、住宿预算等信息，以便提供个性化推荐。当前为秋季，从化气候凉爽干燥，正值石门国家森林公园红叶观赏期，是主要推荐方向之一。\n\n行动: 主动询问用户的具体旅游需求，包括出行人数、天数、兴趣偏好（如自然风光、温泉休闲、美食体验等），以及住宿预算范围，为后续精准规划做准备。\n\n观察: 您好！欢迎咨询从化旅游～  \n请问您计划来从化游玩几天呢？是更喜欢自然景观（如红叶、瀑布、森林徒步），还是想体验温泉度假、农家乐美食呢？  \n另外，您的住宿预算是经济型、舒适型还是豪华型呢？告诉我这些，我可以为您定制专属行程哦！', NULL, 5603, '2025-11-02 19:30:57', 0);
INSERT INTO `ai_message` VALUES (1984946325868580866, 1984946301403205633, 'assistant', '思考: 用户刚刚开始对话，尚未提供具体需求或偏好，需要引导其说明旅游兴趣、行程时长、住宿预算等信息，以便提供个性化推荐。当前为秋季，从化气候凉爽干燥，正值石门国家森林公园红叶观赏期，是主要推荐方向之一。\n\n行动: 主动询问用户的具体旅游需求，包括出行人数、天数、兴趣偏好（如自然风光、温泉休闲、美食体验等），以及住宿预算范围，为后续精准规划做准备。\n\n观察: 您好！欢迎咨询从化旅游～  \n请问您计划来从化游玩几天呢？是更喜欢自然景观（如红叶、瀑布、森林徒步），还是想体验温泉度假、农家乐美食呢？  \n另外，您的住宿预算是经济型、舒适型还是豪华型呢？告诉我这些，我可以为您定制专属行程哦！', NULL, 5693, '2025-11-02 19:30:57', 0);
INSERT INTO `ai_message` VALUES (1984948512715784194, 1984948512543817730, 'user', '你是谁', NULL, NULL, '2025-11-02 19:39:39', 0);
INSERT INTO `ai_message` VALUES (1984948535474077698, 1984948512543817730, 'assistant', '思考: 用户询问我的身份，需要明确介绍自己并展示专业性，同时根据当前秋季特点提供初步的旅游信息参考。  \n行动: 自我介绍，并结合当前季节推荐适合的景点。  \n观察: 我是从化旅游智能助手，专注于为您提供从化地区的旅游咨询服务，包括景点推荐、行程规划和美食指南等。当前正值秋季，气候凉爽干燥，是从化旅游的最佳时节之一。推荐您前往石门国家森林公园观赏壮观的红叶景观，或到天湖旅游风景区享受宁静的湖光山色。如果您有具体的出行时间、人数和偏好，我可以为您定制专属行程。祝您旅途愉快！', NULL, 5396, '2025-11-02 19:39:44', 0);
INSERT INTO `ai_message` VALUES (1984948535536992257, 1984948512543817730, 'assistant', '思考: 用户询问我的身份，需要明确介绍自己并展示专业性，同时根据当前秋季特点提供初步的旅游信息参考。  \n行动: 自我介绍，并结合当前季节推荐适合的景点。  \n观察: 我是从化旅游智能助手，专注于为您提供从化地区的旅游咨询服务，包括景点推荐、行程规划和美食指南等。当前正值秋季，气候凉爽干燥，是从化旅游的最佳时节之一。推荐您前往石门国家森林公园观赏壮观的红叶景观，或到天湖旅游风景区享受宁静的湖光山色。如果您有具体的出行时间、人数和偏好，我可以为您定制专属行程。祝您旅途愉快！', NULL, 5422, '2025-11-02 19:39:44', 0);
INSERT INTO `ai_message` VALUES (1985353054158667777, 1985353053403693057, 'user', '你是谁', NULL, NULL, '2025-11-03 22:27:09', 0);
INSERT INTO `ai_message` VALUES (1985353077307031554, 1985353053403693057, 'assistant', '思考: 用户询问我的身份，需要明确介绍自己并展示专业性，同时结合当前秋季特点提供初步的旅游信息参考。  \n行动: 自我介绍，并简要提及从化秋季特色景点作为引导，为后续行程规划做铺垫。  \n观察: 我是从化旅游智能助手，专注于为您提供从化地区的旅游咨询服务，包括景点推荐、行程规划和美食指南等。当前正值秋季，从化气候凉爽干燥，是游览石门国家森林公园观赏红叶的最佳时节，天湖旅游风景区也景色宜人，适合休闲度假。如果您有具体的出行计划或偏好，欢迎告诉我，我将为您量身定制行程。\n\n祝您旅途愉快', NULL, 5466, '2025-11-03 22:27:14', 0);
INSERT INTO `ai_message` VALUES (1985353077307031555, 1985353053403693057, 'assistant', '思考: 用户询问我的身份，需要明确介绍自己并展示专业性，同时结合当前秋季特点提供初步的旅游信息参考。  \n行动: 自我介绍，并简要提及从化秋季特色景点作为引导，为后续行程规划做铺垫。  \n观察: 我是从化旅游智能助手，专注于为您提供从化地区的旅游咨询服务，包括景点推荐、行程规划和美食指南等。当前正值秋季，从化气候凉爽干燥，是游览石门国家森林公园观赏红叶的最佳时节，天湖旅游风景区也景色宜人，适合休闲度假。如果您有具体的出行计划或偏好，欢迎告诉我，我将为您量身定制行程。\n\n祝您旅途愉快', NULL, 5499, '2025-11-03 22:27:14', 0);
INSERT INTO `ai_message` VALUES (1985353122639069185, 1985353053403693057, 'user', '喜欢上面什么', NULL, NULL, '2025-11-03 22:27:25', 0);
INSERT INTO `ai_message` VALUES (1985353134714470402, 1985353053403693057, 'assistant', '思考: 用户询问\"喜欢上面什么\"，指的是对之前介绍的秋季推荐景点（石门国家森林公园、天湖旅游风景区）的偏好。需要引导用户明确兴趣方向，以便进行下一步个性化推荐。  \n行动: 询问用户更倾向于自然景观、休闲度假还是其他类型的活动，以确定后续推荐重点。  \n观察: 您是更喜欢像石门国家森林公园这样以红叶和森林景观著称的自然景区，还是偏向于天湖旅游风景区这类湖光山色、适合放松休闲的地方呢？或者您还有其他感兴趣的方面，比如温泉、美食或乡村体验？请告诉我您的喜好，我将为您定制合适的行程。\n\n行程规划完成', NULL, 2862, '2025-11-03 22:27:28', 0);
INSERT INTO `ai_message` VALUES (1985353134714470403, 1985353053403693057, 'assistant', '思考: 用户询问\"喜欢上面什么\"，指的是对之前介绍的秋季推荐景点（石门国家森林公园、天湖旅游风景区）的偏好。需要引导用户明确兴趣方向，以便进行下一步个性化推荐。  \n行动: 询问用户更倾向于自然景观、休闲度假还是其他类型的活动，以确定后续推荐重点。  \n观察: 您是更喜欢像石门国家森林公园这样以红叶和森林景观著称的自然景区，还是偏向于天湖旅游风景区这类湖光山色、适合放松休闲的地方呢？或者您还有其他感兴趣的方面，比如温泉、美食或乡村体验？请告诉我您的喜好，我将为您定制合适的行程。\n\n行程规划完成', NULL, 2878, '2025-11-03 22:27:28', 0);
INSERT INTO `ai_message` VALUES (1985391572847243265, 1985391572427812866, 'user', '你是谁', NULL, NULL, '2025-11-04 01:00:12', 0);
INSERT INTO `ai_message` VALUES (1985391592564666370, 1985391572427812866, 'assistant', '思考: 用户询问我的身份，需要明确介绍自己并展示专业性，同时结合当前秋季特点提供初步旅游建议。  \n行动: 自我介绍并简要说明可提供的服务，结合秋季特色推荐热门景点。  \n观察: 我是从化旅游智能助手，专注于为您提供从化地区的旅游咨询服务，包括景点推荐、行程规划、美食指南和住宿建议等。当前正值秋季，从化天气凉爽干燥，是旅游的好时节，特别适合前往石门国家森林公园观赏红叶，或到天湖旅游风景区享受湖光山色。如果您有具体的出行计划或偏好，我可以为您定制专属行程。祝您旅途愉快！', NULL, 4588, '2025-11-04 01:00:17', 0);
INSERT INTO `ai_message` VALUES (1985391592627580929, 1985391572427812866, 'assistant', '思考: 用户询问我的身份，需要明确介绍自己并展示专业性，同时结合当前秋季特点提供初步旅游建议。  \n行动: 自我介绍并简要说明可提供的服务，结合秋季特色推荐热门景点。  \n观察: 我是从化旅游智能助手，专注于为您提供从化地区的旅游咨询服务，包括景点推荐、行程规划、美食指南和住宿建议等。当前正值秋季，从化天气凉爽干燥，是旅游的好时节，特别适合前往石门国家森林公园观赏红叶，或到天湖旅游风景区享受湖光山色。如果您有具体的出行计划或偏好，我可以为您定制专属行程。祝您旅途愉快！', NULL, 4695, '2025-11-04 01:00:17', 0);
INSERT INTO `ai_message` VALUES (1985392476874964994, 1985392476241625089, 'user', '我是lq,从化', NULL, NULL, '2025-11-04 01:03:48', 0);
INSERT INTO `ai_message` VALUES (1985392496328146946, 1985392476241625089, 'assistant', '思考: 用户lq目前仅表明身份和所在地区，未明确旅游需求、偏好或行程时间。当前为秋季，是从化观赏红叶的最佳时节，可重点推荐石门国家森林公园等秋季特色景点。需进一步了解用户的具体需求，如游玩天数、兴趣偏好（自然风光、美食体验、休闲放松等），以便提供个性化服务。\n行动: 主动询问用户的具体旅游需求，包括计划游玩的天数、感兴趣的主题（如自然、文化、美食、休闲）以及是否有特定想体验的项目。\n观察: 您好，lq！欢迎咨询从化旅游信息。当前正值秋季，从化的石门国家森林公园红叶正美，是游览的黄金季节。为了更好地为您规划行程，请问您计划在从化游玩几天？更倾向于自然风光、乡村休闲，还是特色美食体验呢？是否有温泉、徒步等特别想体验的项目？', NULL, 4468, '2025-11-04 01:03:53', 0);
INSERT INTO `ai_message` VALUES (1985392496399450114, 1985392476241625089, 'assistant', '思考: 用户lq目前仅表明身份和所在地区，未明确旅游需求、偏好或行程时间。当前为秋季，是从化观赏红叶的最佳时节，可重点推荐石门国家森林公园等秋季特色景点。需进一步了解用户的具体需求，如游玩天数、兴趣偏好（自然风光、美食体验、休闲放松等），以便提供个性化服务。 行动: 主动询问用户的具体旅游需求，包括计划游玩的天数、感兴趣的主题（如自然、文化、美食、休闲）以及是否有特定想体验的项目。您好，lq！欢迎咨询从化旅游信息。当前正值秋季，从化的石门国家森林公园红叶正美，是游览的黄金季节。为了更好地为您规划行程，请问您计划在从化游玩几天？更倾向于自然风光、乡村休闲，还是特色美食体验呢？是否有温泉、徒步等特别想体验的项目？', NULL, 4638, '2025-11-04 01:03:53', 0);
INSERT INTO `ai_message` VALUES (1985393964766515201, 1985392476241625089, 'user', '你是谁啊', NULL, NULL, '2025-11-04 01:09:43', 0);
INSERT INTO `ai_message` VALUES (1985393983137566722, 1985392476241625089, 'assistant', '思考: 用户lq询问\"你是谁啊\"，需要明确自我介绍并重申服务功能。结合当前秋季特点，可顺势引出从化秋季旅游亮点，激发用户兴趣。用户尚未提供具体需求，需引导其说明游玩天数、偏好等信息。\n行动: 进行自我介绍，说明作为从化旅游助手的专业职能，并结合秋季特色推荐重点景点，引导用户提出具体需求。\n观察: 您好，lq！我是您的专属从化旅游智能助手，专注于为您提供从化地区的景点推荐、行程规划、美食指南和出行建议。现在正值金秋时节，从化的石门国家森林公园红叶如火，天湖旅游风景区秋高气爽，正是出游的最佳时机。请问您计划在从化玩几天？更喜欢自然风光、乡村徒步，还是想体验地道的农家美食呢？我可以为您量身定制专属行程哦！', NULL, 4220, '2025-11-04 01:09:47', 0);
INSERT INTO `ai_message` VALUES (1985393983204675586, 1985392476241625089, 'assistant', '思考: 用户lq询问\"你是谁啊\"，需要明确自我介绍并重申服务功能。结合当前秋季特点，可顺势引出从化秋季旅游亮点，激发用户兴趣。用户尚未提供具体需求，需引导其说明游玩天数、偏好等信息。\n行动: 进行自我介绍，说明作为从化旅游助手的专业职能，并结合秋季特色推荐重点景点，引导用户提出具体需求。\n观察: 您好，lq！我是您的专属从化旅游智能助手，专注于为您提供从化地区的景点推荐、行程规划、美食指南和出行建议。现在正值金秋时节，从化的石门国家森林公园红叶如火，天湖旅游风景区秋高气爽，正是出游的最佳时机。请问您计划在从化玩几天？更喜欢自然风光、乡村徒步，还是想体验地道的农家美食呢？我可以为您量身定制专属行程哦！', NULL, 4362, '2025-11-04 01:09:47', 0);
INSERT INTO `ai_message` VALUES (1985394427322748929, 1985392476241625089, 'user', '你好呀', NULL, NULL, '2025-11-04 01:11:33', 0);
INSERT INTO `ai_message` VALUES (1985394440010518530, 1985392476241625089, 'assistant', '思考: 用户lq打招呼，尚未提供具体需求。当前为秋季，是从化旅游的黄金季节，应突出红叶观赏、秋日徒步等特色体验。需引导用户说明游玩天数、兴趣偏好等关键信息。\n行动: 主动问候并询问用户的具体旅游需求，包括计划游玩时间、兴趣方向（自然/美食/休闲）和期望的行程节奏。\n观察: 您好呀，lq！我是您的从化旅游助手，很高兴为您服务～现在正值金秋时节，从化的石门国家森林公园红叶正盛，溪头村秋意盎然，非常适合户外徒步和乡村休闲。请问您打算在从化玩几天呢？更偏爱自然风光、地道美食，还是想泡温泉放松一下？告诉我您的想法，我来为您定制专属行程哦！', NULL, 2983, '2025-11-04 01:11:36', 0);
INSERT INTO `ai_message` VALUES (1985394440056655874, 1985392476241625089, 'assistant', '思考: 用户lq打招呼，尚未提供具体需求。当前为秋季，是从化旅游的黄金季节，应突出红叶观赏、秋日徒步等特色体验。需引导用户说明游玩天数、兴趣偏好等关键信息。\n行动: 主动问候并询问用户的具体旅游需求，包括计划游玩时间、兴趣方向（自然/美食/休闲）和期望的行程节奏。\n观察: 您好呀，lq！我是您的从化旅游助手，很高兴为您服务～现在正值金秋时节，从化的石门国家森林公园红叶正盛，溪头村秋意盎然，非常适合户外徒步和乡村休闲。请问您打算在从化玩几天呢？更偏爱自然风光、地道美食，还是想泡温泉放松一下？告诉我您的想法，我来为您定制专属行程哦！', NULL, 3016, '2025-11-04 01:11:36', 0);
INSERT INTO `ai_message` VALUES (1985394859772268546, 1985392476241625089, 'user', '实打实', NULL, NULL, '2025-11-04 01:13:16', 0);
INSERT INTO `ai_message` VALUES (1985394897328066561, 1985392476241625089, 'assistant', '思考: 用户使用\"实打实\"这一表达，可能强调希望获得实在、具体、可落地的旅游建议，而非泛泛而谈。结合当前秋季特点和从化资源优势，应推荐具体景点、明确时间和实用信息，避免空泛描述。\n行动: 提供一份具体、可执行的一日游行程方案，包含明确时间安排、景点名称、餐饮推荐和实用贴士，体现\"实打实\"的服务风格。\n观察: 好的，lq！给您来个实打实的从化一日游安排（秋季版）：\n\n08:30-09:30 从广州市区出发，自驾前往石门国家森林公园（约1.5小时车程）\n\n09:30-12:00 游览石门国家森林公园，重点打卡红叶湖、石门红叶区，拍摄秋日美景（门票40元）\n\n12:00-13:30 午餐：前往溪头村农家乐，推荐品尝泥焗走地鸡、桂峰酿豆腐、竹筒饭（人均约60元）\n\n13:30-15:30 溪头村徒步，感受\"广州最美乡村\"风貌，可顺路参观大岭山石门地质景观\n\n15:30-16:30 前往天湖旅游风景区，环湖散步，欣赏湖光山色（门票35元）\n\n16:30-17:00 参观北回归线标志塔（免费），拍照留念，了解地理科普知识\n\n17:00 返程回市区\n\n贴心提示：穿舒适运动鞋，带防晒用品；秋季早晚温差大，建议带件外套；景区内信号一般，建议提前下载地图。\n\n行程规划完成', NULL, 8919, '2025-11-04 01:13:25', 0);
INSERT INTO `ai_message` VALUES (1985394897453895681, 1985392476241625089, 'assistant', '思考: 用户使用\"实打实\"这一表达，可能强调希望获得实在、具体、可落地的旅游建议，而非泛泛而谈。结合当前秋季特点和从化资源优势，应推荐具体景点、明确时间和实用信息，避免空泛描述。\n行动: 提供一份具体、可执行的一日游行程方案，包含明确时间安排、景点名称、餐饮推荐和实用贴士，体现\"实打实\"的服务风格。\n观察: 好的，lq！给您来个实打实的从化一日游安排（秋季版）：\n\n08:30-09:30 从广州市区出发，自驾前往石门国家森林公园（约1.5小时车程）\n\n09:30-12:00 游览石门国家森林公园，重点打卡红叶湖、石门红叶区，拍摄秋日美景（门票40元）\n\n12:00-13:30 午餐：前往溪头村农家乐，推荐品尝泥焗走地鸡、桂峰酿豆腐、竹筒饭（人均约60元）\n\n13:30-15:30 溪头村徒步，感受\"广州最美乡村\"风貌，可顺路参观大岭山石门地质景观\n\n15:30-16:30 前往天湖旅游风景区，环湖散步，欣赏湖光山色（门票35元）\n\n16:30-17:00 参观北回归线标志塔（免费），拍照留念，了解地理科普知识\n\n17:00 返程回市区\n\n贴心提示：穿舒适运动鞋，带防晒用品；秋季早晚温差大，建议带件外套；景区内信号一般，建议提前下载地图。\n\n行程规划完成', NULL, 8973, '2025-11-04 01:13:25', 0);
INSERT INTO `ai_message` VALUES (1985627155104374786, 1985627154210988034, 'user', '1', NULL, NULL, '2025-11-04 16:36:20', 0);
INSERT INTO `ai_message` VALUES (1985627192408514561, 1985627154210988034, 'assistant', '思考: 用户当前处于首次咨询阶段，尚未提供具体偏好或需求。根据当前季节为秋季，从化地区正值红叶观赏期，气候凉爽干燥，适合户外自然景观游览。应优先推荐秋季特色景点，并引导用户进一步明确需求。\n行动: 推荐秋季热门景点，询问用户兴趣偏好（如自然风光、文化体验、美食探索等），以便定制个性化行程。\n观察: 秋季是从化最美的季节之一，推荐您前往石门国家森林公园，这里的枫叶漫山遍野，红叶与蓝天相映成趣，是摄影和徒步的绝佳选择。此外，天湖旅游风景区湖光山色交相辉映，也十分适合秋日休闲漫步。\n\n如果您喜欢自然风光，还可以考虑流溪河国家森林公园，沿途可欣赏层林尽染的山景；若对乡村风情感兴趣，溪头村是“广州最美乡村”，秋季稻田金黄，田园风光迷人。\n\n请问您更倾向于哪种类型的旅行体验？例如：自然景观、文化历史、农家美食，或是轻松休闲的度假方式？这将帮助我为您规划更合适的行程。\n\n祝您旅途愉快', NULL, 8636, '2025-11-04 16:36:28', 0);
INSERT INTO `ai_message` VALUES (1985627192408514562, 1985627154210988034, 'assistant', '思考: 用户当前处于首次咨询阶段，尚未提供具体偏好或需求。根据当前季节为秋季，从化地区正值红叶观赏期，气候凉爽干燥，适合户外自然景观游览。应优先推荐秋季特色景点，并引导用户进一步明确需求。\n行动: 推荐秋季热门景点，询问用户兴趣偏好（如自然风光、文化体验、美食探索等），以便定制个性化行程。\n观察: 秋季是从化最美的季节之一，推荐您前往石门国家森林公园，这里的枫叶漫山遍野，红叶与蓝天相映成趣，是摄影和徒步的绝佳选择。此外，天湖旅游风景区湖光山色交相辉映，也十分适合秋日休闲漫步。\n\n如果您喜欢自然风光，还可以考虑流溪河国家森林公园，沿途可欣赏层林尽染的山景；若对乡村风情感兴趣，溪头村是“广州最美乡村”，秋季稻田金黄，田园风光迷人。\n\n请问您更倾向于哪种类型的旅行体验？例如：自然景观、文化历史、农家美食，或是轻松休闲的度假方式？这将帮助我为您规划更合适的行程。\n\n祝您旅途愉快', NULL, 8829, '2025-11-04 16:36:29', 0);
INSERT INTO `ai_message` VALUES (1985683694838194178, 1985683693798006786, 'user', '你是谁', NULL, NULL, '2025-11-04 20:21:00', 0);
INSERT INTO `ai_message` VALUES (1985683718988996610, 1985683693798006786, 'assistant', '思考: 用户询问我的身份，需要明确介绍自己并展示专业性，同时根据当前秋季特点提供初步的旅游信息参考。  \n行动: 自我介绍并简要说明可提供的服务，结合秋季特色推荐热门景点。  \n观察: 我是从化旅游智能助手，专注于为您提供从化地区的旅游咨询服务，包括景点推荐、行程规划、美食指南和住宿建议等。当前正值秋季，从化气候凉爽干燥，是旅游的好时节，特别推荐前往石门国家森林公园观赏秋日红叶，或到天湖旅游风景区享受湖光山色的宁静。如果您有具体的出行人数、时间或兴趣偏好（如自然风光、美食体验、休闲放松等），我可以为您定制专属行程。\n\n祝您旅途愉快！', NULL, 5717, '2025-11-04 20:21:05', 0);
INSERT INTO `ai_message` VALUES (1985683719056105473, 1985683693798006786, 'assistant', '思考: 用户询问我的身份，需要明确介绍自己并展示专业性，同时根据当前秋季特点提供初步的旅游信息参考。  \n行动: 自我介绍并简要说明可提供的服务，结合秋季特色推荐热门景点。  \n观察: 我是从化旅游智能助手，专注于为您提供从化地区的旅游咨询服务，包括景点推荐、行程规划、美食指南和住宿建议等。当前正值秋季，从化气候凉爽干燥，是旅游的好时节，特别推荐前往石门国家森林公园观赏秋日红叶，或到天湖旅游风景区享受湖光山色的宁静。如果您有具体的出行人数、时间或兴趣偏好（如自然风光、美食体验、休闲放松等），我可以为您定制专属行程。\n\n祝您旅途愉快！', NULL, 5754, '2025-11-04 20:21:06', 0);
INSERT INTO `ai_message` VALUES (1985708050649817089, 1985708050263941122, 'user', '你好', NULL, NULL, '2025-11-04 21:57:47', 0);
INSERT INTO `ai_message` VALUES (1985708077417865217, 1985708050263941122, 'assistant', '思考: 用户刚开启对话，尚未提供具体需求或偏好。当前为秋季，气候凉爽干燥，适合户外自然景观游览，可重点推荐红叶观赏和秋日休闲景点。  \n行动: 根据季节特点，初步推荐从化秋季代表性景点，并询问用户兴趣方向以便进一步规划。  \n观察: 当前是秋季，推荐以下景点：  \n- 石门国家森林公园：以秋日红叶闻名，层林尽染，景色壮丽，门票40元。  \n- 天湖旅游风景区：湖光山色相映，空气清新，适合徒步与静心休闲，门票35元。  \n- 流溪河国家森林公园：秋高气爽，适合游船赏景、徒步森林步道，门票30元。  \n\n请问您更倾向于自然风光、乡村体验还是温泉休闲？是否有计划游玩几天？以便我为您定制详细行程。', NULL, 6341, '2025-11-04 21:57:53', 0);
INSERT INTO `ai_message` VALUES (1985708077417865218, 1985708050263941122, 'assistant', '思考: 用户刚开启对话，尚未提供具体需求或偏好。当前为秋季，气候凉爽干燥，适合户外自然景观游览，可重点推荐红叶观赏和秋日休闲景点。  \n行动: 根据季节特点，初步推荐从化秋季代表性景点，并询问用户兴趣方向以便进一步规划。  \n观察: 当前是秋季，推荐以下景点：  \n- 石门国家森林公园：以秋日红叶闻名，层林尽染，景色壮丽，门票40元。  \n- 天湖旅游风景区：湖光山色相映，空气清新，适合徒步与静心休闲，门票35元。  \n- 流溪河国家森林公园：秋高气爽，适合游船赏景、徒步森林步道，门票30元。  \n\n请问您更倾向于自然风光、乡村体验还是温泉休闲？是否有计划游玩几天？以便我为您定制详细行程。', NULL, 6370, '2025-11-04 21:57:53', 0);
INSERT INTO `ai_message` VALUES (1985708113442742274, 1985708050263941122, 'user', '你是谁', NULL, NULL, '2025-11-04 21:58:02', 0);
INSERT INTO `ai_message` VALUES (1985708133323743234, 1985708050263941122, 'assistant', '思考: 用户询问我的身份，需要明确自我介绍并结合当前季节特点提供初步信息。用户尚未表达具体偏好，但当前为秋季，适合推荐红叶观赏和自然风光类景点。  \n行动: 以专业从化旅游助手身份回应，介绍服务内容，并基于秋季特征推荐核心景点，引导用户表达需求。  \n观察: 我是您的从化旅游智能助手，专注于为您提供从化地区的旅游咨询服务，包括景点推荐、行程规划、美食指南和住宿建议。  \n\n当前正值秋季，从化气候宜人，是游览自然景观的最佳时节，特别推荐：  \n- 石门国家森林公园：秋日红叶如火，被誉为“岭南九寨沟”，门票40元。  \n- 流溪河国家森林公园：湖岛交错，可乘船赏秋景，徒步吸氧，门票30元。  \n- 天湖旅游风景区：山水相依，静谧优美，适合放松身心，门票35元。  \n\n请问您计划游玩几天？更喜欢自然风光、乡村体验还是温泉休闲？我可以为您定制专属行程。\n\n祝您旅途愉快', NULL, 4708, '2025-11-04 21:58:06', 0);
INSERT INTO `ai_message` VALUES (1985708133323743235, 1985708050263941122, 'assistant', '思考: 用户询问我的身份，需要明确自我介绍并结合当前季节特点提供初步信息。用户尚未表达具体偏好，但当前为秋季，适合推荐红叶观赏和自然风光类景点。  \n行动: 以专业从化旅游助手身份回应，介绍服务内容，并基于秋季特征推荐核心景点，引导用户表达需求。  \n观察: 我是您的从化旅游智能助手，专注于为您提供从化地区的旅游咨询服务，包括景点推荐、行程规划、美食指南和住宿建议。  \n\n当前正值秋季，从化气候宜人，是游览自然景观的最佳时节，特别推荐：  \n- 石门国家森林公园：秋日红叶如火，被誉为“岭南九寨沟”，门票40元。  \n- 流溪河国家森林公园：湖岛交错，可乘船赏秋景，徒步吸氧，门票30元。  \n- 天湖旅游风景区：山水相依，静谧优美，适合放松身心，门票35元。  \n\n请问您计划游玩几天？更喜欢自然风光、乡村体验还是温泉休闲？我可以为您定制专属行程。\n\n祝您旅途愉快', NULL, 4737, '2025-11-04 21:58:06', 0);
INSERT INTO `ai_message` VALUES (1985708179830185985, 1985708050263941122, 'user', '从化大学鸡', NULL, NULL, '2025-11-04 21:58:17', 0);
INSERT INTO `ai_message` VALUES (1985708210381496321, 1985708050263941122, 'assistant', '思考: 用户提到“从化大学鸡”，可能是指“泥焗走地鸡”的误说，或是想了解从化特色美食中的“走地鸡”相关菜肴。结合从化特色美食，“泥焗走地鸡”是当地招牌菜之一，尤以溪头村和温泉镇的农家乐最为正宗。当前为秋季，正是品尝滋补农家菜的好时节。  \n行动: 明确用户是否想了解从化特色鸡类美食，并推荐最地道的“泥焗走地鸡”体验地点。  \n观察: 您提到的“从化大学鸡”可能是对从化特色美食“泥焗走地鸡”的趣味说法。这道菜是从化最具代表性的传统菜肴之一，选用本地放养的走地鸡，用红泥包裹后炭火烤制，外皮香脆、内里鲜嫩多汁，带有独特的泥土芳香。\n\n推荐品尝地点：\n- 溪头村农家乐：环境原生态，搭配徒步乡村线路，边玩边吃。\n- 温泉镇各大农庄：如“松哥农庄”、“阿强农家菜”，口碑良好，交通便利。\n\n若您感兴趣，我可为您规划一条“美食+自然风光”的一日游路线，包含景点游览与地道鸡肉宴体验。\n\n请问您是否想安排这样的行程？或需要了解其他从化美食？', NULL, 7266, '2025-11-04 21:58:25', 0);
INSERT INTO `ai_message` VALUES (1985708210381496322, 1985708050263941122, 'assistant', '思考: 用户提到“从化大学鸡”，可能是指“泥焗走地鸡”的误说，或是想了解从化特色美食中的“走地鸡”相关菜肴。结合从化特色美食，“泥焗走地鸡”是当地招牌菜之一，尤以溪头村和温泉镇的农家乐最为正宗。当前为秋季，正是品尝滋补农家菜的好时节。  \n行动: 明确用户是否想了解从化特色鸡类美食，并推荐最地道的“泥焗走地鸡”体验地点。  \n观察: 您提到的“从化大学鸡”可能是对从化特色美食“泥焗走地鸡”的趣味说法。这道菜是从化最具代表性的传统菜肴之一，选用本地放养的走地鸡，用红泥包裹后炭火烤制，外皮香脆、内里鲜嫩多汁，带有独特的泥土芳香。\n\n推荐品尝地点：\n- 溪头村农家乐：环境原生态，搭配徒步乡村线路，边玩边吃。\n- 温泉镇各大农庄：如“松哥农庄”、“阿强农家菜”，口碑良好，交通便利。\n\n若您感兴趣，我可为您规划一条“美食+自然风光”的一日游路线，包含景点游览与地道鸡肉宴体验。\n\n请问您是否想安排这样的行程？或需要了解其他从化美食？', NULL, 7283, '2025-11-04 21:58:25', 0);
INSERT INTO `ai_message` VALUES (1985959437279256577, 1985959436796911618, 'user', '你是谁', NULL, NULL, '2025-11-05 14:36:42', 0);
INSERT INTO `ai_message` VALUES (1985959454446542850, 1985959436796911618, 'assistant', '思考: 用户询问我的身份，需要明确介绍自己并展示专业性，同时结合当前秋季特点提供初步的旅游信息参考。  \n行动: 自我介绍，并简要说明可提供的服务内容，结合秋季特色推荐热门景点。  \n观察: 我是从化旅游智能助手，专注于为您提供从化地区的旅游咨询服务，包括景点推荐、行程规划、美食指南和住宿建议等。当前正值秋季，从化气候凉爽干燥，是游览石门国家森林公园观赏红叶的最佳时节，天湖旅游风景区也景色宜人，适合休闲度假。如果您有具体的出行计划或偏好，我可以为您量身定制行程。祝您旅途愉快！', NULL, 3874, '2025-11-05 14:36:46', 0);
INSERT INTO `ai_message` VALUES (1985959454446542851, 1985959436796911618, 'assistant', '思考: 用户询问我的身份，需要明确介绍自己并展示专业性，同时结合当前秋季特点提供初步的旅游信息参考。  \n行动: 自我介绍，并简要说明可提供的服务内容，结合秋季特色推荐热门景点。  \n观察: 我是从化旅游智能助手，专注于为您提供从化地区的旅游咨询服务，包括景点推荐、行程规划、美食指南和住宿建议等。当前正值秋季，从化气候凉爽干燥，是游览石门国家森林公园观赏红叶的最佳时节，天湖旅游风景区也景色宜人，适合休闲度假。如果您有具体的出行计划或偏好，我可以为您量身定制行程。祝您旅途愉快！', NULL, 4057, '2025-11-05 14:36:46', 0);
INSERT INTO `ai_message` VALUES (1985962286591598593, 1985962285538828289, 'user', '你是谁', NULL, NULL, '2025-11-05 14:48:01', 0);
INSERT INTO `ai_message` VALUES (1985962302131494914, 1985962285538828289, 'assistant', '思考: 用户询问我的身份，需要明确介绍自己并展示专业性，同时为后续旅游咨询做铺垫。当前处于秋季，可结合季节特点主动提供初步信息。\n行动: 自我介绍并说明服务内容，结合秋季特色推荐热门景点，引导用户提出具体需求。\n观察: 我是从化旅游智能助手，专注于为您提供从化地区的旅游咨询服务，包括景点推荐、行程规划、美食指南和住宿建议等。现在正值秋季，从化天气凉爽干燥，是旅游的好时节，特别适合前往石门国家森林公园观赏红叶，或到天湖旅游风景区享受湖光山色。请问您是否有具体的出行计划？比如游玩天数、偏好自然风光还是文化体验？我可以为您定制专属行程。', NULL, 3679, '2025-11-05 14:48:05', 0);
INSERT INTO `ai_message` VALUES (1985962302131494915, 1985962285538828289, 'assistant', '思考: 用户询问我的身份，需要明确介绍自己并展示专业性，同时为后续旅游咨询做铺垫。当前处于秋季，可结合季节特点主动提供初步信息。\n行动: 自我介绍并说明服务内容，结合秋季特色推荐热门景点，引导用户提出具体需求。\n观察: 我是从化旅游智能助手，专注于为您提供从化地区的旅游咨询服务，包括景点推荐、行程规划、美食指南和住宿建议等。现在正值秋季，从化天气凉爽干燥，是旅游的好时节，特别适合前往石门国家森林公园观赏红叶，或到天湖旅游风景区享受湖光山色。请问您是否有具体的出行计划？比如游玩天数、偏好自然风光还是文化体验？我可以为您定制专属行程。', NULL, 3696, '2025-11-05 14:48:05', 0);
INSERT INTO `ai_message` VALUES (1985963001649127426, 1985963000151760897, 'user', '你是谁', NULL, NULL, '2025-11-05 14:50:52', 0);
INSERT INTO `ai_message` VALUES (1985963015062511618, 1985963000151760897, 'assistant', '思考: 用户询问我的身份，需要明确介绍自己并展示专业性，同时根据当前秋季特点提供初步的旅游信息参考。  \n行动: 自我介绍并说明服务范围，结合秋季特色推荐从化主要景点。  \n观察: 我是从化旅游智能助手，专注于为您提供从化地区的旅游咨询服务，包括景点推荐、行程规划、特色美食和住宿建议等。当前正值秋季，天气凉爽干燥，是从化旅游的最佳时节之一。推荐您前往石门国家森林公园观赏壮丽的红叶景观，或到天湖旅游风景区享受宁静的湖光山色。如果您有兴趣，我可以为您定制详细的1日游或2日游行程。祝您旅途愉快！', NULL, 3184, '2025-11-05 14:50:55', 0);
INSERT INTO `ai_message` VALUES (1985963015062511619, 1985963000151760897, 'assistant', '思考: 用户询问我的身份，需要明确介绍自己并展示专业性，同时根据当前秋季特点提供初步的旅游信息参考。  \n行动: 自我介绍并说明服务范围，结合秋季特色推荐从化主要景点。  \n观察: 我是从化旅游智能助手，专注于为您提供从化地区的旅游咨询服务，包括景点推荐、行程规划、特色美食和住宿建议等。当前正值秋季，天气凉爽干燥，是从化旅游的最佳时节之一。推荐您前往石门国家森林公园观赏壮丽的红叶景观，或到天湖旅游风景区享受宁静的湖光山色。如果您有兴趣，我可以为您定制详细的1日游或2日游行程。祝您旅途愉快！', NULL, 3197, '2025-11-05 14:50:55', 0);
INSERT INTO `ai_message` VALUES (1986351062414077954, 1986351060778299394, 'user', '你是谁', NULL, NULL, '2025-11-06 16:32:53', 0);
INSERT INTO `ai_message` VALUES (1986351085579218946, 1986351060778299394, 'assistant', '思考: 用户询问我的身份，需要明确介绍自己并展示专业性，同时根据当前秋季特点提供初步的旅游信息参考。  \n行动: 自我介绍并简要说明可提供的服务，结合秋季特色推荐热门景点。  \n观察: 我是从化旅游智能助手，专注于为您提供从化地区的旅游咨询服务，包括景点推荐、行程规划、特色美食介绍等。当前正值秋季，从化气候凉爽干燥，是旅游的好时节，特别推荐前往石门国家森林公园观赏秋日红叶，或到天湖旅游风景区享受湖光山色的宁静。如果您有具体的出行人数、时间、偏好（如自然风光、美食体验或休闲度假），我可以为您定制专属行程。\n\n祝您旅途愉快', NULL, 5378, '2025-11-06 16:32:58', 0);
INSERT INTO `ai_message` VALUES (1986351085633744898, 1986351060778299394, 'assistant', '思考: 用户询问我的身份，需要明确介绍自己并展示专业性，同时根据当前秋季特点提供初步的旅游信息参考。  \n行动: 自我介绍并简要说明可提供的服务，结合秋季特色推荐热门景点。  \n观察: 我是从化旅游智能助手，专注于为您提供从化地区的旅游咨询服务，包括景点推荐、行程规划、特色美食介绍等。当前正值秋季，从化气候凉爽干燥，是旅游的好时节，特别推荐前往石门国家森林公园观赏秋日红叶，或到天湖旅游风景区享受湖光山色的宁静。如果您有具体的出行人数、时间、偏好（如自然风光、美食体验或休闲度假），我可以为您定制专属行程。\n\n祝您旅途愉快', NULL, 5494, '2025-11-06 16:32:58', 0);
INSERT INTO `ai_message` VALUES (1986385970494754818, 1986385969211297793, 'user', '你是谁', NULL, NULL, '2025-11-06 18:51:35', 0);
INSERT INTO `ai_message` VALUES (1986385990325424129, 1986385969211297793, 'assistant', '思考: 用户询问我的身份，需要明确介绍自己并展示专业性，同时为后续旅游咨询做好铺垫。  \n行动: 自我介绍并主动引导用户提出旅游需求。  \n观察: 我是从化旅游智能助手，专注于为您提供从化地区的旅游咨询服务，包括景点推荐、行程规划、特色美食介绍等。当前正值秋季，从化天气凉爽干燥，是游览石门国家森林公园观赏红叶的最佳时节。请问您是否有具体的旅游计划或偏好？例如自然风光、文化体验、美食探索或休闲度假？我可以为您量身定制合适的行程建议。祝您旅途愉快', NULL, 4420, '2025-11-06 18:51:40', 0);
INSERT INTO `ai_message` VALUES (1986385990388338690, 1986385969211297793, 'assistant', '思考: 用户询问我的身份，需要明确介绍自己并展示专业性，同时为后续旅游咨询做好铺垫。  \n行动: 自我介绍并主动引导用户提出旅游需求。  \n观察: 我是从化旅游智能助手，专注于为您提供从化地区的旅游咨询服务，包括景点推荐、行程规划、特色美食介绍等。当前正值秋季，从化天气凉爽干燥，是游览石门国家森林公园观赏红叶的最佳时节。请问您是否有具体的旅游计划或偏好？例如自然风光、文化体验、美食探索或休闲度假？我可以为您量身定制合适的行程建议。祝您旅途愉快', NULL, 4617, '2025-11-06 18:51:40', 0);
INSERT INTO `ai_message` VALUES (1986386809703682050, 1986385969211297793, 'user', '帮我规划一个冬天五天的旅游计划', NULL, NULL, '2025-11-06 18:54:55', 0);
INSERT INTO `ai_message` VALUES (1986386872874094593, 1986385969211297793, 'assistant', '思考: 用户希望规划一个冬季五天的从化旅游计划，当前季节虽为秋季，但需按冬季（气温较低，适合温泉、养生、避寒）特点来设计行程。用户未指定偏好，因此将综合自然风光、休闲度假与美食体验进行均衡安排，重点突出从化冬季特色如温泉、山景、农家菜等。  \n行动: 根据从化冬季适宜活动，结合主要景点和餐饮资源，制定涵盖温泉养生、森林公园游览、乡村体验和湖光山色的5天行程。  \n观察:  \n第1天:  \n- 上午: 抵达从化，前往流溪河国家森林公园，漫步湖畔栈道，观赏冬日湖光山色  \n- 中午: 在公园附近品尝流溪大鱼头、山坑螺等地道菜肴（推荐餐厅：流溪渔村）  \n- 下午: 游览北回归线标志塔，了解地理科普知识，随后前往溪头村感受古村落风貌  \n- 晚上: 入住溪头村精品民宿（如“栖舍”或“云水间”），体验乡村宁静夜晚  \n\n第2天:  \n- 上午: 徒步穿越溪头村至锦村的乡野小径，沿途欣赏竹林与溪流  \n- 中午: 在溪头村农家乐享用泥焗走地鸡、竹筒饭、吕田芥菜（推荐：阿婆农家菜）  \n- 下午: 前往石门国家森林公园，远眺初冬山林景色，若遇红叶尾声仍可观景  \n- 晚上: 入住石门景区周边温泉酒店（如碧水湾温泉度假村）  \n\n第3天:  \n- 上午: 在石门国家森林公园内深度游览，参观七彩天池、红叶谷等景点  \n- 中午: 酒店内用餐，尝试桂峰酿豆腐等客家风味  \n- 下午: 体验酒店温泉泡池群，享受多种药浴、硫磺泉等养生温泉  \n- 晚上: 继续入住温泉酒店，晚间可参与篝火晚会或星空茶会  \n\n第4天:  \n- 上午: 前往天湖旅游风景区，登高观湖，呼吸清新空气，感受冬日静谧  \n- 中午: 在景区旁农庄用餐，推荐吕田焖大肉配米饭  \n- 下午: 参观大岭山石门地质奇观，拍照打卡奇特岩层结构  \n- 晚上: 入住良口镇舒适型酒店或特色木屋别墅  \n\n第5天:  \n- 上午: 前往从化城区，选购特产如荔枝蜜、青梅酒、竹筒饼等作为伴手礼  \n- 中午: 在城区老字号餐馆“从化人家”享用最后一顿地道粤式农家宴  \n- 下午: 自由活动或返程  \n\n特色体验: 温泉疗养、乡村徒步、红叶观赏（视天气而定）、制作竹筒饭互动体验  \n预算估算: 经济型约800-1200元/人（民宿+公共交通+简餐）；舒适型约1500-2500元/人（含温泉酒店+包车+特色餐饮）  \n\n行程规划完成', NULL, 15021, '2025-11-06 18:55:10', 0);
INSERT INTO `ai_message` VALUES (1986386872941203457, 1986385969211297793, 'assistant', '思考: 用户希望规划一个冬季五天的从化旅游计划，当前季节虽为秋季，但需按冬季（气温较低，适合温泉、养生、避寒）特点来设计行程。用户未指定偏好，因此将综合自然风光、休闲度假与美食体验进行均衡安排，重点突出从化冬季特色如温泉、山景、农家菜等。  \n行动: 根据从化冬季适宜活动，结合主要景点和餐饮资源，制定涵盖温泉养生、森林公园游览、乡村体验和湖光山色的5天行程。  \n观察:  \n第1天:  \n- 上午: 抵达从化，前往流溪河国家森林公园，漫步湖畔栈道，观赏冬日湖光山色  \n- 中午: 在公园附近品尝流溪大鱼头、山坑螺等地道菜肴（推荐餐厅：流溪渔村）  \n- 下午: 游览北回归线标志塔，了解地理科普知识，随后前往溪头村感受古村落风貌  \n- 晚上: 入住溪头村精品民宿（如“栖舍”或“云水间”），体验乡村宁静夜晚  \n\n第2天:  \n- 上午: 徒步穿越溪头村至锦村的乡野小径，沿途欣赏竹林与溪流  \n- 中午: 在溪头村农家乐享用泥焗走地鸡、竹筒饭、吕田芥菜（推荐：阿婆农家菜）  \n- 下午: 前往石门国家森林公园，远眺初冬山林景色，若遇红叶尾声仍可观景  \n- 晚上: 入住石门景区周边温泉酒店（如碧水湾温泉度假村）  \n\n第3天:  \n- 上午: 在石门国家森林公园内深度游览，参观七彩天池、红叶谷等景点  \n- 中午: 酒店内用餐，尝试桂峰酿豆腐等客家风味  \n- 下午: 体验酒店温泉泡池群，享受多种药浴、硫磺泉等养生温泉  \n- 晚上: 继续入住温泉酒店，晚间可参与篝火晚会或星空茶会  \n\n第4天:  \n- 上午: 前往天湖旅游风景区，登高观湖，呼吸清新空气，感受冬日静谧  \n- 中午: 在景区旁农庄用餐，推荐吕田焖大肉配米饭  \n- 下午: 参观大岭山石门地质奇观，拍照打卡奇特岩层结构  \n- 晚上: 入住良口镇舒适型酒店或特色木屋别墅  \n\n第5天:  \n- 上午: 前往从化城区，选购特产如荔枝蜜、青梅酒、竹筒饼等作为伴手礼  \n- 中午: 在城区老字号餐馆“从化人家”享用最后一顿地道粤式农家宴  \n- 下午: 自由活动或返程  \n\n特色体验: 温泉疗养、乡村徒步、红叶观赏（视天气而定）、制作竹筒饭互动体验  \n预算估算: 经济型约800-1200元/人（民宿+公共交通+简餐）；舒适型约1500-2500元/人（含温泉酒店+包车+特色餐饮）  \n\n行程规划完成', NULL, 15063, '2025-11-06 18:55:10', 0);
INSERT INTO `ai_message` VALUES (1986410882986987521, 1986410882525614081, 'user', '你是谁', NULL, NULL, '2025-11-06 20:30:35', 0);
INSERT INTO `ai_message` VALUES (1986410900099747841, 1986410882525614081, 'assistant', '思考: 用户询问我的身份，需要明确介绍自己并展示专业性，同时结合当前秋季特点提供初步旅游信息。  \n行动: 自我介绍为从化旅游智能助手，并简要说明可提供的服务内容，结合秋季特色推荐主打景点。  \n观察: 我是从化旅游智能助手，专注于为您提供从化地区的旅游咨询服务，包括景点推荐、行程规划、美食指南和住宿建议。现在正值秋季，从化气候凉爽干燥，是旅游的最佳时节，特别适合前往石门国家森林公园观赏红叶，或到天湖旅游风景区享受湖光山色。如果您有具体的出行计划或偏好，我可以为您量身定制行程安排。祝您旅途愉快！', NULL, 4019, '2025-11-06 20:30:39', 0);
INSERT INTO `ai_message` VALUES (1986410900166856705, 1986410882525614081, 'assistant', '思考: 用户询问我的身份，需要明确介绍自己并展示专业性，同时结合当前秋季特点提供初步旅游信息。  \n行动: 自我介绍为从化旅游智能助手，并简要说明可提供的服务内容，结合秋季特色推荐主打景点。  \n观察: 我是从化旅游智能助手，专注于为您提供从化地区的旅游咨询服务，包括景点推荐、行程规划、美食指南和住宿建议。现在正值秋季，从化气候凉爽干燥，是旅游的最佳时节，特别适合前往石门国家森林公园观赏红叶，或到天湖旅游风景区享受湖光山色。如果您有具体的出行计划或偏好，我可以为您量身定制行程安排。祝您旅途愉快！', NULL, 4064, '2025-11-06 20:30:39', 0);
INSERT INTO `ai_message` VALUES (1986411073475497986, 1986410882525614081, 'user', '冬天从化五天游玩', NULL, NULL, '2025-11-06 20:31:20', 0);
INSERT INTO `ai_message` VALUES (1986411147182002177, 1986410882525614081, 'assistant', '思考: 用户提出冬季五天游玩从化的需求，虽然当前季节为秋季，但需根据冬季特点（湿冷、温泉最佳体验期）调整推荐重点。从化冬季以温泉养生、美食和山林静谧景观为主，应突出温泉度假、特色美食和适合冬日的户外轻徒步景点。用户未指定偏好，因此规划需全面覆盖休闲、自然与美食体验。  \n行动: 设计一个涵盖温泉养生、自然风光、乡村文化和特色美食的五日深度游行程，合理安排每日主题，确保交通便利性和体验丰富性。  \n观察: 行程规划如下：\n\n**第1天：抵达从化 & 温泉初体验**\n- 上午：抵达从化，入住温泉镇舒适型酒店（推荐碧水湾温泉度假村或都喜泰丽）\n- 中午：酒店内用餐，品尝当地特色的吕田焖大肉\n- 下午：休息调整，适应环境\n- 傍晚：开启温泉初体验，享受富含矿物质的天然温泉泡浴\n- 晚餐：酒店周边餐馆尝试山坑螺和青梅酒\n\n**第2天：流溪河国家森林公园 + 流溪红叶**\n- 上午：前往流溪河国家森林公园（门票30元），漫步湖畔栈道，观赏冬日稀疏红叶与湖光山色\n- 中午：公园内餐厅享用流溪大鱼头火锅\n- 下午：乘船游湖，登岛观景；可选择轻徒步环湖路线\n- 傍晚：返回温泉镇，晚餐推荐桂峰酿豆腐\n- 晚上：继续温泉放松\n\n**第3天：溪头村古村落文化之旅**\n- 上午：前往“广州最美乡村”溪头村（免费），参观古民居、宗祠，感受岭南乡村风貌\n- 中午：农家乐用餐，品尝竹筒饭、吕田芥菜\n- 下午：沿溪头石巷徒步，穿越小溪与竹林，适合拍照打卡\n- 傍晚：返回市区途中顺访大岭山石门（免费），欣赏奇特岩石地貌\n- 晚餐：良口镇本地餐馆自由选择\n\n**第4天：石门国家森林公园深度游**\n- 全天：游览石门国家森林公园（门票40元），尽管非秋日，但冬日森林静谧清幽，空气清新\n- 可选项目：短途徒步至红叶谷、观瀑亭；参观冬季花卉展（如有）\n- 午餐：景区内简餐或自带干粮\n- 傍晚：返回温泉镇\n- 晚餐：再次品尝泥焗走地鸡，搭配荔枝蜜饮品\n\n**第5天：北回归线标志塔 & 返程**\n- 上午：参观北回归线标志塔（免费），了解地理知识，拍照留念\n- 中午：在街口城区品尝地道小吃，如艾糍、糖不甩\n- 下午：购买伴手礼（推荐：从化荔枝蜜、青梅酒、桂峰豆腐干）\n- 随后结束行程，准备返程\n\n住宿建议：全程推荐温泉镇住宿，方便夜间泡汤养生。  \n交通建议：建议自驾或包车出行，便于各景点间移动。\n\n行程规划完成', NULL, 17503, '2025-11-06 20:31:38', 0);
INSERT INTO `ai_message` VALUES (1986411147240722434, 1986410882525614081, 'assistant', '思考: 用户提出冬季五天游玩从化的需求，虽然当前季节为秋季，但需根据冬季特点（湿冷、温泉最佳体验期）调整推荐重点。从化冬季以温泉养生、美食和山林静谧景观为主，应突出温泉度假、特色美食和适合冬日的户外轻徒步景点。用户未指定偏好，因此规划需全面覆盖休闲、自然与美食体验。  \n行动: 设计一个涵盖温泉养生、自然风光、乡村文化和特色美食的五日深度游行程，合理安排每日主题，确保交通便利性和体验丰富性。  \n观察: 行程规划如下：\n\n**第1天：抵达从化 & 温泉初体验**\n- 上午：抵达从化，入住温泉镇舒适型酒店（推荐碧水湾温泉度假村或都喜泰丽）\n- 中午：酒店内用餐，品尝当地特色的吕田焖大肉\n- 下午：休息调整，适应环境\n- 傍晚：开启温泉初体验，享受富含矿物质的天然温泉泡浴\n- 晚餐：酒店周边餐馆尝试山坑螺和青梅酒\n\n**第2天：流溪河国家森林公园 + 流溪红叶**\n- 上午：前往流溪河国家森林公园（门票30元），漫步湖畔栈道，观赏冬日稀疏红叶与湖光山色\n- 中午：公园内餐厅享用流溪大鱼头火锅\n- 下午：乘船游湖，登岛观景；可选择轻徒步环湖路线\n- 傍晚：返回温泉镇，晚餐推荐桂峰酿豆腐\n- 晚上：继续温泉放松\n\n**第3天：溪头村古村落文化之旅**\n- 上午：前往“广州最美乡村”溪头村（免费），参观古民居、宗祠，感受岭南乡村风貌\n- 中午：农家乐用餐，品尝竹筒饭、吕田芥菜\n- 下午：沿溪头石巷徒步，穿越小溪与竹林，适合拍照打卡\n- 傍晚：返回市区途中顺访大岭山石门（免费），欣赏奇特岩石地貌\n- 晚餐：良口镇本地餐馆自由选择\n\n**第4天：石门国家森林公园深度游**\n- 全天：游览石门国家森林公园（门票40元），尽管非秋日，但冬日森林静谧清幽，空气清新\n- 可选项目：短途徒步至红叶谷、观瀑亭；参观冬季花卉展（如有）\n- 午餐：景区内简餐或自带干粮\n- 傍晚：返回温泉镇\n- 晚餐：再次品尝泥焗走地鸡，搭配荔枝蜜饮品\n\n**第5天：北回归线标志塔 & 返程**\n- 上午：参观北回归线标志塔（免费），了解地理知识，拍照留念\n- 中午：在街口城区品尝地道小吃，如艾糍、糖不甩\n- 下午：购买伴手礼（推荐：从化荔枝蜜、青梅酒、桂峰豆腐干）\n- 随后结束行程，准备返程\n\n住宿建议：全程推荐温泉镇住宿，方便夜间泡汤养生。  \n交通建议：建议自驾或包车出行，便于各景点间移动。\n\n行程规划完成', NULL, 17541, '2025-11-06 20:31:38', 0);
INSERT INTO `ai_message` VALUES (1987472311664041985, 1987472310527385602, 'user', '我是一个住在从化的老年人，今天想吃点清单的，帮我规划一日三餐', NULL, NULL, '2025-11-09 18:48:19', 0);
INSERT INTO `ai_message` VALUES (1987472359164534785, 1987472310527385602, 'assistant', '思考: 用户是一位居住在从化的老年人，希望今日饮食清淡，符合秋季养生特点。结合从化本地特色，需推荐低油低盐、新鲜健康的餐食，优先选择当地时令食材和传统养生菜肴。  \n行动: 为用户规划一日三餐，每餐搭配清淡且具从化特色的菜品，注重营养均衡与易消化，避免辛辣油腻。  \n观察:  \n早餐：  \n- 推荐食用“竹筒饭”（少油版），搭配清炒吕田芥菜，主食软糯易消化，蔬菜富含纤维，适合老年人肠胃。  \n- 饮品可选一杯温热的“荔枝蜜水”，润燥养胃，顺应秋季干燥气候。  \n\n午餐：  \n- 推荐“桂峰酿豆腐”（清蒸做法），选用嫩豆腐包裹瘦肉末，低脂高蛋白，温和滋补。  \n- 搭配一份“山坑螺”汤，仅用姜片提味，去腥不加辣，汤头清鲜，有助于开胃。  \n- 主食为白粥或米饭（软烂），便于咀嚼和消化。  \n\n晚餐：  \n- 建议食用“泥焗走地鸡”的去皮鸡肉小块，保留香味但减少脂肪摄入，搭配清蒸南瓜和上汤枸杞叶。  \n- 汤品可选“流溪大鱼头”炖豆腐汤（去油处理），文火慢炖取其鲜，不过度调味。  \n\n特色体验: 在家附近采摘当季蔬菜（如芥菜），或前往溪头村农家乐享用定制清淡套餐。  \n预算估算: 三餐总费用约60-100元（视购买方式和餐厅而定）。  \n\n行程规划完成', NULL, 11223, '2025-11-09 18:48:31', 0);
INSERT INTO `ai_message` VALUES (1987472359231643649, 1987472310527385602, 'assistant', '思考: 用户是一位居住在从化的老年人，希望今日饮食清淡，符合秋季养生特点。结合从化本地特色，需推荐低油低盐、新鲜健康的餐食，优先选择当地时令食材和传统养生菜肴。  \n行动: 为用户规划一日三餐，每餐搭配清淡且具从化特色的菜品，注重营养均衡与易消化，避免辛辣油腻。  \n观察:  \n早餐：  \n- 推荐食用“竹筒饭”（少油版），搭配清炒吕田芥菜，主食软糯易消化，蔬菜富含纤维，适合老年人肠胃。  \n- 饮品可选一杯温热的“荔枝蜜水”，润燥养胃，顺应秋季干燥气候。  \n\n午餐：  \n- 推荐“桂峰酿豆腐”（清蒸做法），选用嫩豆腐包裹瘦肉末，低脂高蛋白，温和滋补。  \n- 搭配一份“山坑螺”汤，仅用姜片提味，去腥不加辣，汤头清鲜，有助于开胃。  \n- 主食为白粥或米饭（软烂），便于咀嚼和消化。  \n\n晚餐：  \n- 建议食用“泥焗走地鸡”的去皮鸡肉小块，保留香味但减少脂肪摄入，搭配清蒸南瓜和上汤枸杞叶。  \n- 汤品可选“流溪大鱼头”炖豆腐汤（去油处理），文火慢炖取其鲜，不过度调味。  \n\n特色体验: 在家附近采摘当季蔬菜（如芥菜），或前往溪头村农家乐享用定制清淡套餐。  \n预算估算: 三餐总费用约60-100元（视购买方式和餐厅而定）。  \n\n行程规划完成', NULL, 11303, '2025-11-09 18:48:31', 0);
INSERT INTO `ai_message` VALUES (1990742979112648705, 1990742977804025857, 'user', '你是谁', NULL, NULL, '2025-11-18 19:24:47', 0);
INSERT INTO `ai_message` VALUES (1990742980672929793, 1990742977804025857, 'user', '【用户需求】\n你是谁\n\n', NULL, NULL, '2025-11-18 19:24:47', 0);
INSERT INTO `ai_message` VALUES (1990742994170200065, 1990742977804025857, 'assistant', '思考: 用户询问我的身份，需要明确说明我是从化旅游助手，专注于提供从化地区的旅游信息和服务。\n行动: 介绍自己的身份和功能，让用户了解我可以提供的帮助。\n观察: 我是从化旅游助手，专门为您提供从化地区的旅游信息服务。我可以帮您规划行程、推荐景点、美食和住宿，解答关于从化旅游的各种问题。无论您是想欣赏自然风光、体验乡村生活，还是品尝地道美食，我都能为您提供专业的建议和详细的安排。祝您旅途愉快！', NULL, 3154, '2025-11-18 19:24:51', 0);
INSERT INTO `ai_message` VALUES (1990742994237308930, 1990742977804025857, 'assistant', '思考: 用户询问我的身份，需要明确说明我是从化旅游助手，专注于提供从化地区的旅游信息和服务。\n行动: 介绍自己的身份和功能，让用户了解我可以提供的帮助。\n观察: 我是从化旅游助手，专门为您提供从化地区的旅游信息服务。我可以帮您规划行程、推荐景点、美食和住宿，解答关于从化旅游的各种问题。无论您是想欣赏自然风光、体验乡村生活，还是品尝地道美食，我都能为您提供专业的建议和详细的安排。祝您旅途愉快！', NULL, 3469, '2025-11-18 19:24:51', 0);
INSERT INTO `ai_message` VALUES (1991460925065674753, 1991460924621078530, 'user', '你是谁', NULL, NULL, '2025-11-20 18:57:39', 0);
INSERT INTO `ai_message` VALUES (1991460925518659585, 1991460924621078530, 'user', '【用户需求】\n你是谁\n\n', NULL, NULL, '2025-11-20 18:57:39', 0);
INSERT INTO `ai_message` VALUES (1991460938487447553, 1991460924621078530, 'assistant', '思考: 用户在询问我的身份，需要明确说明我是从化旅游助手，专注于提供从化地区的旅游信息和服务。\n\n行动: 自我介绍，说明我的专业领域和服务范围。\n\n观察: 我是从化旅游助手，专门为您提供从化地区的旅游信息服务。我可以帮助您规划行程、推荐景点和美食、提供交通和住宿建议等。无论您是想欣赏自然风光、体验乡村生活，还是品尝地道农家菜，我都能为您量身定制合适的旅游方案。祝您旅途愉快！', NULL, 3073, '2025-11-20 18:57:42', 0);
INSERT INTO `ai_message` VALUES (1991460938487447554, 1991460924621078530, 'assistant', '思考: 用户在询问我的身份，需要明确说明我是从化旅游助手，专注于提供从化地区的旅游信息和服务。\n\n行动: 自我介绍，说明我的专业领域和服务范围。\n\n观察: 我是从化旅游助手，专门为您提供从化地区的旅游信息服务。我可以帮助您规划行程、推荐景点和美食、提供交通和住宿建议等。无论您是想欣赏自然风光、体验乡村生活，还是品尝地道农家菜，我都能为您量身定制合适的旅游方案。祝您旅途愉快！', NULL, 3176, '2025-11-20 18:57:42', 0);
INSERT INTO `ai_message` VALUES (1991498848096088065, 1991498847693434882, 'user', '你是谁', NULL, NULL, '2025-11-20 21:28:20', 0);
INSERT INTO `ai_message` VALUES (1991498848951726082, 1991498847693434882, 'user', '【用户需求】\n你是谁\n\n', NULL, NULL, '2025-11-20 21:28:21', 0);
INSERT INTO `ai_message` VALUES (1991498864458067969, 1991498847693434882, 'assistant', '思考: 用户询问我的身份，需要明确告知我是从化旅游助手，专注于提供从化地区的旅游信息和服务。\n\n行动: 介绍自己的身份和功能，让用户了解我可以提供的帮助。\n\n观察: 我是从化旅游助手，专门为您提供从化地区的旅游信息服务。我可以为您推荐景点、规划行程、介绍特色美食、提供交通和住宿建议等。无论是想欣赏自然风光、体验乡村生活，还是品尝地道农家菜，我都能为您提供专业的建议和详细的安排。请问您有什么具体的旅游需求吗？祝您旅途愉快！', NULL, 3638, '2025-11-20 21:28:24', 0);
INSERT INTO `ai_message` VALUES (1991498864458067970, 1991498847693434882, 'assistant', '思考: 用户询问我的身份，需要明确告知我是从化旅游助手，专注于提供从化地区的旅游信息和服务。\n\n行动: 介绍自己的身份和功能，让用户了解我可以提供的帮助。\n\n观察: 我是从化旅游助手，专门为您提供从化地区的旅游信息服务。我可以为您推荐景点、规划行程、介绍特色美食、提供交通和住宿建议等。无论是想欣赏自然风光、体验乡村生活，还是品尝地道农家菜，我都能为您提供专业的建议和详细的安排。请问您有什么具体的旅游需求吗？祝您旅途愉快！', NULL, 3827, '2025-11-20 21:28:24', 0);
INSERT INTO `ai_message` VALUES (1991506057907531778, 1991506057576181761, 'user', '你是谁', NULL, NULL, '2025-11-20 21:56:59', 0);
INSERT INTO `ai_message` VALUES (1991506058100469762, 1991506057576181761, 'user', '【用户需求】\n你是谁\n\n', NULL, NULL, '2025-11-20 21:56:59', 0);
INSERT INTO `ai_message` VALUES (1991506070612078594, 1991506057576181761, 'assistant', '思考: 用户询问我的身份，需要明确说明我是从化旅游助手，专注于提供从化地区的旅游信息和服务。  \n行动: 介绍自己的身份和功能，让用户了解我可以提供的帮助。  \n观察: 我是从化旅游助手，专门为您解答关于从化旅游的各种问题，包括景点推荐、美食指南、行程规划、交通住宿建议等。无论您是想赏秋日红叶、泡温泉养生，还是品尝地道农家菜，我都能为您提供专业、贴心的服务。祝您旅途愉快！', NULL, 2988, '2025-11-20 21:57:02', 0);
INSERT INTO `ai_message` VALUES (1991506070679187458, 1991506057576181761, 'assistant', '思考: 用户询问我的身份，需要明确说明我是从化旅游助手，专注于提供从化地区的旅游信息和服务。  \n行动: 介绍自己的身份和功能，让用户了解我可以提供的帮助。  \n观察: 我是从化旅游助手，专门为您解答关于从化旅游的各种问题，包括景点推荐、美食指南、行程规划、交通住宿建议等。无论您是想赏秋日红叶、泡温泉养生，还是品尝地道农家菜，我都能为您提供专业、贴心的服务。祝您旅途愉快！', NULL, 3023, '2025-11-20 21:57:02', 0);
INSERT INTO `ai_message` VALUES (1993304237502431234, 1993304236663570434, 'user', '你是谁', NULL, NULL, '2025-11-25 21:02:19', 0);
INSERT INTO `ai_message` VALUES (1993304238542618626, 1993304236663570434, 'assistant', 'AI服务错误: Invalid bound statement (not found): com.lq.travel.AI.core.mapper.AIMessageMapper.selectRecentMessages', NULL, 0, '2025-11-25 21:02:19', 0);
INSERT INTO `ai_message` VALUES (1993304470856728577, 1993304470789619713, 'user', '你是谁', NULL, NULL, '2025-11-25 21:03:14', 0);
INSERT INTO `ai_message` VALUES (1993304470986752002, 1993304470789619713, 'assistant', 'AI服务错误: Invalid bound statement (not found): com.lq.travel.AI.core.mapper.AIMessageMapper.selectRecentMessages', NULL, 0, '2025-11-25 21:03:14', 0);
INSERT INTO `ai_message` VALUES (1993306803485306882, 1993306803149762562, 'user', '你好', NULL, NULL, '2025-11-25 21:12:30', 0);
INSERT INTO `ai_message` VALUES (1993306803812462594, 1993306803149762562, 'user', '【用户需求】\n你好\n\n', NULL, NULL, '2025-11-25 21:12:31', 0);
INSERT INTO `ai_message` VALUES (1993306833503940609, 1993306803149762562, 'assistant', '思考: 用户刚刚开始对话，尚未提供具体需求或偏好，需要引导其说明旅游兴趣、时间安排和关注点。  \n行动: 主动询问用户的旅游计划细节，以便提供个性化建议。  \n观察: 您好！欢迎咨询从化旅游信息。请问您是想了解哪些方面的内容呢？比如：\n\n- 想去哪些类型的景点（自然风光、乡村体验、温泉休闲等）？\n- 计划游玩几天？是否有具体的时间安排？\n- 对当地美食是否感兴趣？\n- 是否需要包含住宿和路线的完整行程规划？\n\n告诉我您的需求，我将为您定制合适的从化旅行方案！', NULL, 7076, '2025-11-25 21:12:38', 0);
INSERT INTO `ai_message` VALUES (1993306833566855170, 1993306803149762562, 'assistant', '思考: 用户刚刚开始对话，尚未提供具体需求或偏好，需要引导其说明旅游兴趣、时间安排和关注点。  \n行动: 主动询问用户的旅游计划细节，以便提供个性化建议。  \n观察: 您好！欢迎咨询从化旅游信息。请问您是想了解哪些方面的内容呢？比如：\n\n- 想去哪些类型的景点（自然风光、乡村体验、温泉休闲等）？\n- 计划游玩几天？是否有具体的时间安排？\n- 对当地美食是否感兴趣？\n- 是否需要包含住宿和路线的完整行程规划？\n\n告诉我您的需求，我将为您定制合适的从化旅行方案！', NULL, 7152, '2025-11-25 21:12:38', 0);

-- ----------------------------
-- Table structure for ai_task
-- ----------------------------
DROP TABLE IF EXISTS `ai_task`;
CREATE TABLE `ai_task`  (
  `id` bigint NOT NULL AUTO_INCREMENT,
  `task_id` varchar(64) CHARACTER SET utf8mb4 COLLATE utf8mb4_0900_ai_ci NOT NULL,
  `biz_key` varchar(128) CHARACTER SET utf8mb4 COLLATE utf8mb4_0900_ai_ci NULL DEFAULT NULL,
  `type` varchar(32) CHARACTER SET utf8mb4 COLLATE utf8mb4_0900_ai_ci NOT NULL,
  `payload` text CHARACTER SET utf8mb4 COLLATE utf8mb4_0900_ai_ci NULL,
  `status` varchar(16) CHARACTER SET utf8mb4 COLLATE utf8mb4_0900_ai_ci NOT NULL,
  `result` text CHARACTER SET utf8mb4 COLLATE utf8mb4_0900_ai_ci NULL,
  `retry_count` int NULL DEFAULT 0,
  `max_retry` int NULL DEFAULT 3,
  `error_message` text CHARACTER SET utf8mb4 COLLATE utf8mb4_0900_ai_ci NULL,
  `user_id` bigint NULL DEFAULT NULL,
  `trip_id` bigint NULL DEFAULT NULL,
  `create_time` datetime NULL DEFAULT CURRENT_TIMESTAMP,
  `update_time` datetime NULL DEFAULT CURRENT_TIMESTAMP ON UPDATE CURRENT_TIMESTAMP,
  PRIMARY KEY (`id`) USING BTREE,
  UNIQUE INDEX `uniq_task_id`(`task_id` ASC) USING BTREE,
  UNIQUE INDEX `uniq_biz_key`(`biz_key` ASC) USING BTREE,
  INDEX `idx_status_update_time`(`status` ASC, `update_time` ASC) USING BTREE
) ENGINE = InnoDB AUTO_INCREMENT = 6 CHARACTER SET = utf8mb4 COLLATE = utf8mb4_0900_ai_ci ROW_FORMAT = Dynamic;

-- ----------------------------
-- Records of ai_task
-- ----------------------------
INSERT INTO `ai_task` VALUES (1, 'b87c08d9-fcd1-4e07-ada3-d38959a76743', '1971813431033851906:7:-669554789', 'MEMORY_CARD', '{\"photoUrls\":[\"https://qq-1375584552.cos.ap-guangzhou.myqcloud.com/public/1971813431033851906/2025-11-25_fbcCiH5V5EgrfdUw.webp\",\"https://qq-1375584552.cos.ap-guangzhou.myqcloud.com/public/1971813431033851906/2025-11-25_3RTBIyBhOrlpRQxK.webp\",\"https://qq-1375584552.cos.ap-guangzhou.myqcloud.com/public/1971813431033851906/2025-11-25_pSUjqmHPo4x0EJaY.webp\"],\"size\":\"1328x1328\",\"templateName\":\"default\",\"tripId\":7,\"style\":\"fresh\",\"prompt\":\"生成一张旅行回忆卡海报，包含以下要素：\\n目的地：从化\\n天数：3天\\n主题：\\n风格：清新/明亮，具有回忆感\\n参考照片：3 张旅行照片\\n要求：将照片元素融合到海报设计，整体排版统一，适合做旅途回忆展示\",\"userId\":1971813431033851906,\"quality\":\"standard\"}', 'FAILED', '{\"remoteTaskId\":\"3dbe0d0a-5281-4aef-ae26-62c99fe7175e\",\"status\":\"PROCESSING\"}', 0, 5, '查询异常：I/O error on GET request for \"https://dashscope.aliyuncs.com/api/v1/tasks/3dbe0d0a-5281-4aef-ae26-62c99fe7175e\": Connection timed out: connect', 1971813431033851906, 7, '2025-11-25 15:48:03', '2025-11-25 15:48:03');
INSERT INTO `ai_task` VALUES (2, 'a40877b7-d8ab-422d-b26f-0c7e5fa73b0e', '1971813431033851906:9:-1481529384', 'MEMORY_CARD', '{\"photoUrls\":[\"https://qq-1375584552.cos.ap-guangzhou.myqcloud.com/public/1971813431033851906/2025-11-25_Y7kOerGcfIgV2gMG.webp\",\"https://qq-1375584552.cos.ap-guangzhou.myqcloud.com/public/1971813431033851906/2025-11-25_IEAjLFiNxhbH0iK8.webp\",\"https://qq-1375584552.cos.ap-guangzhou.myqcloud.com/public/1971813431033851906/2025-11-25_ebqNwaWm4rt5CKQX.webp\"],\"size\":\"1328x1328\",\"templateName\":\"default\",\"tripId\":9,\"style\":\"fresh\",\"prompt\":\"生成一张旅行回忆卡海报，包含以下要素：\\n目的地：上海\\n天数：1天\\n主题：\\n风格：清新/明亮，具有回忆感\\n参考照片：3 张旅行照片\\n要求：将照片元素融合到海报设计，整体排版统一，适合做旅途回忆展示\",\"userId\":1971813431033851906,\"quality\":\"standard\"}', 'SUCCESS', '{\"remoteTaskId\":\"5528779a-433f-4ab0-9445-9a2f4171ee33\",\"cosUrl\":\"https://qq-1375584552.cos.ap-guangzhou.myqcloud.com/memory-card/9/2025-11-25_LMquLsIbkcHZ5f0l.webp\"}', 0, 5, NULL, 1971813431033851906, 9, '2025-11-25 18:08:31', '2025-11-25 18:08:31');
INSERT INTO `ai_task` VALUES (3, '75cda560-e174-4cf7-909b-f298f8cbc603', '1971813431033851906:10:-1456755713', 'MEMORY_CARD', '{\"photoUrls\":[\"https://qq-1375584552.cos.ap-guangzhou.myqcloud.com/public/1971813431033851906/2025-11-25_RsbsS6dUZxRJqFnC.webp\",\"https://qq-1375584552.cos.ap-guangzhou.myqcloud.com/public/1971813431033851906/2025-11-25_uqI17WKQztpS7LBl.webp\",\"https://qq-1375584552.cos.ap-guangzhou.myqcloud.com/public/1971813431033851906/2025-11-25_zqjoI4NsiQdehxZb.webp\"],\"size\":\"1328x1328\",\"templateName\":\"default\",\"tripId\":10,\"style\":\"fresh\",\"prompt\":\"生成一张旅行回忆卡海报，包含以下要素：\\n目的地：魔都\\n天数：1天\\n主题：\\n风格：清新/明亮，具有回忆感\\n参考照片：3 张旅行照片\\n要求：将照片元素融合到海报设计，整体排版统一，适合做旅途回忆展示\",\"userId\":1971813431033851906,\"quality\":\"standard\"}', 'SUCCESS', '{\"remoteTaskId\":\"0e8303d4-45a2-4a1c-a4ed-b9377ec9f905\",\"cosUrl\":\"https://qq-1375584552.cos.ap-guangzhou.myqcloud.com/memory-card/10/2025-11-25_HjodijfbgJxd7Ni4.webp\"}', 0, 5, NULL, 1971813431033851906, 10, '2025-11-25 18:16:42', '2025-11-25 18:16:42');
INSERT INTO `ai_task` VALUES (4, '94577a00-ac45-4e94-ba65-674c4f978444', '1971813431033851906:11:-1426744504', 'MEMORY_CARD', '{\"photoUrls\":[\"https://qq-1375584552.cos.ap-guangzhou.myqcloud.com/public/1971813431033851906/2025-11-25_U2WvJ5BSjGu38OSJ.webp\",\"https://qq-1375584552.cos.ap-guangzhou.myqcloud.com/public/1971813431033851906/2025-11-25_hLOfGcYDkiy2P7aw.webp\",\"https://qq-1375584552.cos.ap-guangzhou.myqcloud.com/public/1971813431033851906/2025-11-25_tmvpN5pgphn1dXLE.webp\"],\"size\":\"1328x1328\",\"templateName\":\"default\",\"tripId\":11,\"style\":\"fresh\",\"prompt\":\"生成一张旅行回忆卡海报，包含以下要素：\\n目的地：天龙人\\n天数：4天\\n主题：\\n风格：清新/明亮，具有回忆感\\n参考照片：3 张旅行照片\\n要求：将照片元素融合到海报设计，整体排版统一，适合做旅途回忆展示\",\"userId\":1971813431033851906,\"quality\":\"standard\"}', 'SUCCESS', '{\"cosUrl\":\"https://qq-1375584552.cos.ap-guangzhou.myqcloud.com/memory-card/11/2025-11-25_BZLDZNhc6sSpw7eW.webp\",\"remoteTaskId\":\"8dbc1135-7067-4cc5-8679-afe55cbaee60\",\"status\":\"SUCCESS\"}', 0, 5, NULL, 1971813431033851906, 11, '2025-11-25 18:22:09', '2025-11-25 18:22:09');
INSERT INTO `ai_task` VALUES (5, '398ded41-b937-45d7-9093-1fdc5aa4fe9c', '1971813431033851906:12:-39969509', 'MEMORY_CARD', '{\"photoUrls\":[\"https://qq-1375584552.cos.ap-guangzhou.myqcloud.com/public/1971813431033851906/2025-11-25_TuIUmrcJGXhlfner.webp\",\"https://qq-1375584552.cos.ap-guangzhou.myqcloud.com/public/1971813431033851906/2025-11-25_rOkJ0D4c2NFtZb4n.webp\",\"https://qq-1375584552.cos.ap-guangzhou.myqcloud.com/public/1971813431033851906/2025-11-25_d93Okuw6URwMP7jo.webp\"],\"size\":\"1328x1328\",\"templateName\":\"default\",\"tripId\":12,\"style\":\"fresh\",\"prompt\":\"生成一张旅行回忆卡海报，包含以下要素：\\n目的地：新疆\\n天数：3天\\n主题：\\n风格：清新/明亮，具有回忆感\\n参考照片：3 张旅行照片\\n要求：将照片元素融合到海报设计，整体排版统一，适合做旅途回忆展示\",\"userId\":1971813431033851906,\"quality\":\"standard\"}', 'SUCCESS', '{\"cosUrl\":\"https://qq-1375584552.cos.ap-guangzhou.myqcloud.com/memory-card/12/2025-11-25_s5x5IKHsRzaAIz9Y.webp\",\"remoteTaskId\":\"dd4835be-9295-4aa9-b61f-b326748a3213\",\"status\":\"SUCCESS\"}', 0, 5, NULL, 1971813431033851906, 12, '2025-11-25 18:28:01', '2025-11-25 18:28:01');

-- ----------------------------
-- Table structure for banner
-- ----------------------------
DROP TABLE IF EXISTS `banner`;
CREATE TABLE `banner`  (
  `id` bigint NOT NULL AUTO_INCREMENT,
  `image_url` varchar(512) CHARACTER SET utf8mb4 COLLATE utf8mb4_0900_ai_ci NOT NULL,
  `title` varchar(255) CHARACTER SET utf8mb4 COLLATE utf8mb4_0900_ai_ci NULL DEFAULT NULL,
  `link_url` varchar(512) CHARACTER SET utf8mb4 COLLATE utf8mb4_0900_ai_ci NULL DEFAULT NULL COMMENT '跳转链接',
  `link_type` varchar(20) CHARACTER SET utf8mb4 COLLATE utf8mb4_0900_ai_ci NULL DEFAULT NULL COMMENT '链接类型',
  `sort_order` int NULL DEFAULT 0 COMMENT '排序值（越大越靠前）',
  `status` int NULL DEFAULT 1 COMMENT '状态（0-禁用，1-启用）',
  `create_time` datetime NULL DEFAULT CURRENT_TIMESTAMP,
  `update_time` datetime NULL DEFAULT CURRENT_TIMESTAMP ON UPDATE CURRENT_TIMESTAMP,
  `is_delete` tinyint NULL DEFAULT 0,
  PRIMARY KEY (`id`) USING BTREE,
  INDEX `idx_sort`(`sort_order` ASC) USING BTREE
) ENGINE = InnoDB AUTO_INCREMENT = 11 CHARACTER SET = utf8mb4 COLLATE = utf8mb4_0900_ai_ci COMMENT = '首页轮播图表' ROW_FORMAT = DYNAMIC;

-- ----------------------------
-- Records of banner
-- ----------------------------
INSERT INTO `banner` VALUES (1, 'banner1.jpg', '春季特惠', '/promotion', 'internal', 1, 1, '2025-09-27 13:53:28', '2025-09-27 13:53:28', 0);
INSERT INTO `banner` VALUES (2, 'banner2.jpg', '新景点开放', '/spot/123', 'internal', 2, 1, '2025-09-27 13:53:28', '2025-09-27 13:53:28', 0);
INSERT INTO `banner` VALUES (3, 'banner3.jpg', '美食节活动', '/event/456', 'internal', 3, 1, '2025-09-27 13:53:28', '2025-09-27 13:53:28', 0);
INSERT INTO `banner` VALUES (4, 'banner4.jpg', '摄影大赛', '/contest', 'internal', 4, 1, '2025-09-27 13:53:28', '2025-09-27 13:53:28', 0);
INSERT INTO `banner` VALUES (5, 'banner5.jpg', '酒店特惠', '/hotel/sale', 'internal', 5, 1, '2025-09-27 13:53:28', '2025-09-27 13:53:28', 0);
INSERT INTO `banner` VALUES (6, 'banner6.jpg', '亲子活动', '/family', 'internal', 6, 1, '2025-09-27 13:53:28', '2025-09-27 13:53:28', 0);
INSERT INTO `banner` VALUES (7, 'banner7.jpg', '自驾游推荐', '/drive', 'internal', 7, 1, '2025-09-27 13:53:28', '2025-09-27 13:53:28', 0);
INSERT INTO `banner` VALUES (8, 'banner8.jpg', '手工艺展', '/craft', 'internal', 8, 1, '2025-09-27 13:53:28', '2025-09-27 13:53:28', 0);
INSERT INTO `banner` VALUES (9, 'banner9.jpg', '茶叶新品', '/product/tea', 'internal', 9, 1, '2025-09-27 13:53:28', '2025-09-27 13:53:28', 0);
INSERT INTO `banner` VALUES (10, 'banner10.jpg', '温泉季', '/hotspring', 'internal', 10, 1, '2025-09-27 13:53:28', '2025-09-27 13:53:28', 0);

-- ----------------------------
-- Table structure for barrage
-- ----------------------------
DROP TABLE IF EXISTS `barrage`;
CREATE TABLE `barrage`  (
  `id` bigint NOT NULL AUTO_INCREMENT,
  `scenic_spot_id` bigint NOT NULL COMMENT '关联景点ID',
  `user_id` bigint NOT NULL,
  `content` varchar(100) CHARACTER SET utf8mb4 COLLATE utf8mb4_0900_ai_ci NOT NULL,
  `text_color` varchar(20) CHARACTER SET utf8mb4 COLLATE utf8mb4_0900_ai_ci NULL DEFAULT '#FFFFFF',
  `font_size` int NULL DEFAULT 24,
  `speed` int NULL DEFAULT 3,
  `trajectory` int NULL DEFAULT 3,
  `barrage_type` tinyint NULL DEFAULT 1,
  `status` tinyint NULL DEFAULT 1,
  `create_time` datetime NULL DEFAULT CURRENT_TIMESTAMP,
  `is_delete` tinyint NULL DEFAULT 0,
  PRIMARY KEY (`id`) USING BTREE,
  INDEX `idx_scenic_spot_id`(`scenic_spot_id` ASC) USING BTREE,
  INDEX `idx_user_id`(`user_id` ASC) USING BTREE,
  INDEX `idx_create_time`(`create_time` DESC) USING BTREE,
  INDEX `idx_spot_status_time`(`scenic_spot_id` ASC, `status` ASC, `create_time` DESC) USING BTREE
) ENGINE = InnoDB AUTO_INCREMENT = 13 CHARACTER SET = utf8mb4 COLLATE = utf8mb4_0900_ai_ci COMMENT = '特殊弹幕表' ROW_FORMAT = DYNAMIC;

-- ----------------------------
-- Records of barrage
-- ----------------------------
INSERT INTO `barrage` VALUES (1, 6, 1971813431033851906, '测试弹幕1', '#FFFFFF', 24, 3, 3, 1, 0, '2025-10-30 18:58:46', 0);
INSERT INTO `barrage` VALUES (2, 6, 1971813431033851906, '测试弹幕1', '#FFFFFF', 24, 3, 3, 1, 1, '2025-10-30 18:59:03', 0);
INSERT INTO `barrage` VALUES (3, 6, 1971813431033851906, '测试弹幕1', '#FFFFFF', 24, 3, 3, 1, 1, '2025-10-30 18:59:05', 0);
INSERT INTO `barrage` VALUES (4, 6, 1971813431033851906, '测试弹幕1', '#FFFFFF', 24, 3, 3, 1, 1, '2025-10-30 18:59:06', 0);
INSERT INTO `barrage` VALUES (5, 6, 1971813431033851906, '测试弹幕1', '#FFFFFF', 24, 3, 3, 1, 1, '2025-10-30 18:59:06', 0);
INSERT INTO `barrage` VALUES (6, 6, 1971813431033851906, '测试弹幕1', '#FFFFFF', 24, 3, 3, 1, 1, '2025-10-30 18:59:07', 0);
INSERT INTO `barrage` VALUES (7, 6, 1971813431033851906, '测试弹幕1', '#FFFFFF', 24, 3, 3, 1, 1, '2025-10-30 18:59:08', 0);
INSERT INTO `barrage` VALUES (8, 6, 1971813431033851906, '测试弹幕1', '#FFFFFF', 24, 3, 3, 1, 1, '2025-10-30 18:59:09', 0);
INSERT INTO `barrage` VALUES (9, 6, 1971813431033851906, 'aa', '#FFFFFF', 24, 3, 3, 1, 0, '2025-10-31 11:28:16', 0);
INSERT INTO `barrage` VALUES (10, 6, 1971813431033851906, '你好', '#FFFFFF', 24, 3, 3, 1, 0, '2025-10-31 13:28:01', 0);
INSERT INTO `barrage` VALUES (11, 1, 1971813431033851906, '你好白云山', '#FFFFFF', 24, 3, 3, 1, 0, '2025-11-01 11:06:12', 0);
INSERT INTO `barrage` VALUES (12, 1, 1971813431033851906, '农民', '#FFFFFF', 24, 3, 3, 1, 0, '2025-11-01 11:20:44', 0);

-- ----------------------------
-- Table structure for barrage_play_log
-- ----------------------------
DROP TABLE IF EXISTS `barrage_play_log`;
CREATE TABLE `barrage_play_log`  (
  `id` bigint NOT NULL AUTO_INCREMENT,
  `barrage_id` bigint NOT NULL COMMENT '弹幕ID',
  `user_id` bigint NULL DEFAULT NULL COMMENT '观看用户ID(可为空)',
  `play_time` datetime NULL DEFAULT CURRENT_TIMESTAMP COMMENT '播放时间',
  `duration` int NULL DEFAULT 0 COMMENT '实际播放时长(毫秒)',
  PRIMARY KEY (`id`) USING BTREE
) ENGINE = InnoDB AUTO_INCREMENT = 6 CHARACTER SET = utf8mb4 COLLATE = utf8mb4_0900_ai_ci COMMENT = '弹幕播放记录表' ROW_FORMAT = DYNAMIC;

-- ----------------------------
-- Records of barrage_play_log
-- ----------------------------
INSERT INTO `barrage_play_log` VALUES (1, 2, 1971813431033851906, '2025-10-30 19:00:00', 5000);
INSERT INTO `barrage_play_log` VALUES (2, 3, 1971813431033851906, '2025-10-30 19:01:00', 4800);
INSERT INTO `barrage_play_log` VALUES (3, 4, 1971813431033851906, '2025-10-30 19:02:00', 5200);
INSERT INTO `barrage_play_log` VALUES (4, 5, 1971813431033851906, '2025-10-30 19:03:00', 4900);
INSERT INTO `barrage_play_log` VALUES (5, 6, 1971813431033851906, '2025-10-30 19:04:00', 5100);

-- ----------------------------
-- Table structure for cart
-- ----------------------------
DROP TABLE IF EXISTS `cart`;
CREATE TABLE `cart`  (
  `id` bigint NOT NULL AUTO_INCREMENT COMMENT '购物车ID',
  `user_id` bigint NOT NULL COMMENT '用户ID',
  `product_id` bigint NOT NULL COMMENT '商品ID',
  `merchant_id` bigint NOT NULL COMMENT '商家ID',
  `quantity` int NOT NULL DEFAULT 1 COMMENT '数量',
  `specs` text CHARACTER SET utf8mb4 COLLATE utf8mb4_0900_ai_ci NULL COMMENT '规格参数(JSON格式)',
  `create_time` datetime NULL DEFAULT CURRENT_TIMESTAMP,
  `update_time` datetime NULL DEFAULT CURRENT_TIMESTAMP ON UPDATE CURRENT_TIMESTAMP,
  `is_delete` tinyint NULL DEFAULT 0,
  PRIMARY KEY (`id`) USING BTREE,
  INDEX `idx_user_id`(`user_id` ASC) USING BTREE,
  INDEX `idx_product_id`(`product_id` ASC) USING BTREE,
  INDEX `idx_merchant_id`(`merchant_id` ASC) USING BTREE,
  INDEX `idx_user_product`(`user_id` ASC, `product_id` ASC) USING BTREE
) ENGINE = InnoDB AUTO_INCREMENT = 13 CHARACTER SET = utf8mb4 COLLATE = utf8mb4_0900_ai_ci COMMENT = '购物车表' ROW_FORMAT = DYNAMIC;

-- ----------------------------
-- Records of cart
-- ----------------------------
INSERT INTO `cart` VALUES (1, 1971813431033852000, 10, 3, 2, '', '2025-11-01 16:32:50', '2025-11-01 16:32:50', 0);
INSERT INTO `cart` VALUES (2, 1971813431033852000, 10, 3, 2, '', '2025-11-01 16:33:06', '2025-11-01 16:33:06', 0);
INSERT INTO `cart` VALUES (3, 1971813431033852000, 10, 3, 2, '', '2025-11-01 16:33:51', '2025-11-01 16:33:51', 0);
INSERT INTO `cart` VALUES (4, 1971813431033852000, 15, 5, 3, '', '2025-11-01 16:52:14', '2025-11-01 16:52:14', 0);
INSERT INTO `cart` VALUES (5, 1971813431033852000, 8, 3, 1, '', '2025-11-01 16:57:45', '2025-11-01 16:57:45', 0);
INSERT INTO `cart` VALUES (6, 1971813431033851906, 9, 3, 3, '', '2025-11-01 16:58:42', '2025-11-01 16:58:58', 1);
INSERT INTO `cart` VALUES (7, 1971813431033851906, 17, 12, 1, '', '2025-11-02 19:23:46', '2025-11-02 19:23:57', 1);
INSERT INTO `cart` VALUES (8, 1985962880853172225, 18, 12, 1, '', '2025-11-05 16:24:52', '2025-11-05 16:26:14', 1);
INSERT INTO `cart` VALUES (9, 1985962880853172225, 17, 12, 6, '', '2025-11-06 16:12:51', '2025-11-06 16:12:51', 0);
INSERT INTO `cart` VALUES (10, 1986358469361979394, 15, 5, 1, '', '2025-11-06 20:32:43', '2025-11-06 20:33:06', 1);
INSERT INTO `cart` VALUES (11, 1986358469361979394, 14, 5, 1, '', '2025-11-06 20:32:44', '2025-11-06 20:33:06', 1);
INSERT INTO `cart` VALUES (12, 1990757975922098178, 10, 3, 1, '', '2025-11-18 20:24:41', '2025-11-18 20:25:10', 1);

-- ----------------------------
-- Table structure for category
-- ----------------------------
DROP TABLE IF EXISTS `category`;
CREATE TABLE `category`  (
  `id` int NOT NULL AUTO_INCREMENT,
  `name` varchar(50) CHARACTER SET utf8mb4 COLLATE utf8mb4_0900_ai_ci NOT NULL COMMENT '分类名称',
  `icon` varchar(255) CHARACTER SET utf8mb4 COLLATE utf8mb4_0900_ai_ci NULL DEFAULT NULL COMMENT '分类图标',
  `sort` int NULL DEFAULT 0 COMMENT '排序值',
  PRIMARY KEY (`id`) USING BTREE
) ENGINE = InnoDB AUTO_INCREMENT = 11 CHARACTER SET = utf8mb4 COLLATE = utf8mb4_0900_ai_ci COMMENT = '论坛分类表' ROW_FORMAT = DYNAMIC;

-- ----------------------------
-- Records of category
-- ----------------------------
INSERT INTO `category` VALUES (1, '旅行攻略', 'guide.png', 1);
INSERT INTO `category` VALUES (2, '美食分享', 'food.png', 2);
INSERT INTO `category` VALUES (3, '摄影作品', 'camera.png', 3);
INSERT INTO `category` VALUES (4, '住宿体验', 'hotel.png', 4);
INSERT INTO `category` VALUES (5, '购物推荐', 'shopping.png', 5);

-- ----------------------------
-- Table structure for comment
-- ----------------------------
DROP TABLE IF EXISTS `comment`;
CREATE TABLE `comment`  (
  `id` bigint NOT NULL AUTO_INCREMENT,
  `user_id` bigint NOT NULL COMMENT '评论用户ID',
  `post_id` bigint NOT NULL COMMENT '关联帖子ID',
  `content` text CHARACTER SET utf8mb4 COLLATE utf8mb4_0900_ai_ci NOT NULL COMMENT '评论内容',
  `like_count` int NULL DEFAULT 0 COMMENT '点赞数',
  `create_time` datetime NULL DEFAULT CURRENT_TIMESTAMP,
  `update_time` datetime NULL DEFAULT CURRENT_TIMESTAMP ON UPDATE CURRENT_TIMESTAMP,
  `is_delete` tinyint NULL DEFAULT 0,
  `parent_id` bigint NULL DEFAULT 0 COMMENT '父评论ID（0表示顶级评论）',
  `reply_to_user_id` bigint NULL DEFAULT 0 COMMENT '回复目标用户ID',
  `reply_count` int NULL DEFAULT 0 COMMENT '回复数量',
  `is_hot` tinyint NULL DEFAULT 0 COMMENT '是否热评（0-否，1-是）',
  PRIMARY KEY (`id`) USING BTREE,
  INDEX `idx_post_id`(`post_id` ASC) USING BTREE,
  INDEX `idx_user_id`(`user_id` ASC) USING BTREE,
  INDEX `idx_create_time`(`create_time` ASC) USING BTREE,
  INDEX `idx_parent_id`(`parent_id` ASC) USING BTREE,
  INDEX `idx_post_id_parent`(`post_id` ASC, `parent_id` ASC) USING BTREE,
  INDEX `idx_is_hot`(`is_hot` ASC) USING BTREE
) ENGINE = InnoDB AUTO_INCREMENT = 42 CHARACTER SET = utf8mb4 COLLATE = utf8mb4_0900_ai_ci COMMENT = '评论表' ROW_FORMAT = DYNAMIC;

-- ----------------------------
-- Records of comment
-- ----------------------------
INSERT INTO `comment` VALUES (11, 2, 1, '温泉体验真的很棒！', 0, '2025-09-27 13:53:15', '2025-09-27 13:53:15', 0, 0, 0, 0, 0);
INSERT INTO `comment` VALUES (12, 3, 1, '请问住宿价格多少？', 0, '2025-09-27 13:53:15', '2025-09-27 13:53:15', 0, 0, 0, 0, 0);
INSERT INTO `comment` VALUES (13, 4, 1, '我也去过这家，确实不错', 0, '2025-09-27 13:53:15', '2025-09-27 13:53:15', 0, 2, 3, 0, 0);
INSERT INTO `comment` VALUES (14, 1, 2, '手工艺人的技艺令人惊叹', 0, '2025-09-27 13:53:15', '2025-09-27 13:53:15', 0, 0, 0, 0, 0);
INSERT INTO `comment` VALUES (15, 5, 3, '日出照片拍得太美了！', 0, '2025-09-27 13:53:15', '2025-09-27 13:53:15', 0, 0, 0, 0, 0);
INSERT INTO `comment` VALUES (16, 6, 4, '虾饺和烧卖是我的最爱', 0, '2025-09-27 13:53:15', '2025-09-27 13:53:15', 0, 0, 0, 0, 0);
INSERT INTO `comment` VALUES (17, 7, 5, '带孩子住过其中两家，确实不错', 0, '2025-09-27 13:53:15', '2025-09-27 13:53:15', 0, 0, 0, 0, 0);
INSERT INTO `comment` VALUES (18, 8, 6, '路线很详细，收藏了', 0, '2025-09-27 13:53:15', '2025-09-27 13:53:15', 0, 0, 0, 0, 0);
INSERT INTO `comment` VALUES (19, 9, 7, '古村落很有历史感', 0, '2025-09-27 13:53:15', '2025-09-27 13:53:15', 0, 0, 0, 0, 0);
INSERT INTO `comment` VALUES (20, 10, 8, '周末带孩子去试试', 0, '2025-09-27 13:53:15', '2025-09-27 13:53:15', 0, 0, 0, 0, 0);
INSERT INTO `comment` VALUES (21, 11, 9, '夜景参数很有用', 0, '2025-09-27 13:53:15', '2025-09-27 13:53:15', 0, 0, 0, 0, 0);
INSERT INTO `comment` VALUES (22, 12, 10, '这家粤菜馆的烧鹅很棒', 0, '2025-09-27 13:53:15', '2025-09-27 13:53:15', 0, 0, 0, 0, 0);
INSERT INTO `comment` VALUES (23, 13, 11, '温泉酒店哪家性价比最高？', 0, '2025-09-27 13:53:15', '2025-09-27 13:53:15', 0, 0, 0, 0, 0);
INSERT INTO `comment` VALUES (24, 14, 12, '自驾装备很实用', 0, '2025-09-27 13:53:15', '2025-09-27 13:53:15', 0, 0, 0, 0, 0);
INSERT INTO `comment` VALUES (25, 15, 13, '博物馆需要预约吗？', 0, '2025-09-27 13:53:15', '2025-09-27 13:53:15', 0, 0, 0, 0, 0);
INSERT INTO `comment` VALUES (26, 1971813431033851906, 54, '撒', 0, NULL, NULL, 0, 0, 0, 0, 0);
INSERT INTO `comment` VALUES (27, 1971813431033851906, 54, '是', 0, NULL, NULL, 0, 0, 0, 0, 0);
INSERT INTO `comment` VALUES (28, 1971813431033851906, 54, '导入', 0, NULL, NULL, 0, 0, 0, 0, 0);
INSERT INTO `comment` VALUES (29, 1971813431033851906, 49, '按时', 0, '2025-09-27 14:40:39', '2025-09-27 14:40:39', 0, 0, 0, 0, 0);
INSERT INTO `comment` VALUES (30, 1971813431033851906, 54, '饿啊哇撒旦', 0, '2025-09-27 14:55:19', '2025-09-27 14:55:19', 0, 0, 0, 0, 0);
INSERT INTO `comment` VALUES (31, 1971813431033851906, 54, '啊发', 0, '2025-09-27 14:55:22', '2025-09-27 14:55:22', 0, 0, 0, 0, 0);
INSERT INTO `comment` VALUES (32, 1971813431033851906, 54, '阿尔法', 0, '2025-09-27 15:10:36', '2025-09-27 15:10:36', 0, 0, 0, 0, 0);
INSERT INTO `comment` VALUES (33, 1973987306786885634, 82, '555', 0, '2025-10-03 13:47:58', '2025-10-03 13:47:58', 0, 0, 0, 0, 0);
INSERT INTO `comment` VALUES (34, 1971813431033851906, 63, '的发射点客户那里空', 0, '2025-10-31 14:50:58', '2025-10-31 14:50:58', 0, 0, 0, 0, 0);
INSERT INTO `comment` VALUES (35, 1971813431033851906, 63, '撒发射点ijua', 0, '2025-10-31 14:51:01', '2025-10-31 14:51:01', 0, 0, 0, 0, 0);
INSERT INTO `comment` VALUES (36, 1971813431033851906, 74, 'ASD', 0, '2025-10-31 14:51:57', '2025-10-31 14:51:57', 0, 0, 0, 0, 0);
INSERT INTO `comment` VALUES (37, 1971813431033851906, 64, '士大夫啊', 0, '2025-10-31 14:52:06', '2025-10-31 14:52:06', 0, 0, 0, 0, 0);
INSERT INTO `comment` VALUES (38, 1971813431033851906, 64, '阿斯顿的', 0, '2025-10-31 14:52:07', '2025-10-31 14:52:07', 0, 0, 0, 0, 0);
INSERT INTO `comment` VALUES (39, 1971813431033851906, 64, '撒发的', 0, '2025-10-31 14:52:09', '2025-10-31 14:52:09', 0, 0, 0, 0, 0);
INSERT INTO `comment` VALUES (40, 1985962880853172225, 63, '哈哈哈哈哈哈', 0, '2025-11-06 16:12:08', '2025-11-06 16:12:08', 0, 0, 0, 0, 0);
INSERT INTO `comment` VALUES (41, 1985962880853172225, 70, '好好吃', 0, '2025-11-06 17:30:48', '2025-11-06 17:30:48', 0, 0, 0, 0, 0);

-- ----------------------------
-- Table structure for comment_like
-- ----------------------------
DROP TABLE IF EXISTS `comment_like`;
CREATE TABLE `comment_like`  (
  `id` bigint NOT NULL AUTO_INCREMENT,
  `user_id` bigint NOT NULL COMMENT '用户ID',
  `comment_id` bigint NOT NULL COMMENT '评论ID',
  `create_time` datetime NULL DEFAULT CURRENT_TIMESTAMP,
  PRIMARY KEY (`id`) USING BTREE,
  UNIQUE INDEX `uk_user_comment`(`user_id` ASC, `comment_id` ASC) USING BTREE,
  INDEX `idx_comment_id`(`comment_id` ASC) USING BTREE,
  INDEX `idx_user_id`(`user_id` ASC) USING BTREE
) ENGINE = InnoDB AUTO_INCREMENT = 16 CHARACTER SET = utf8mb4 COLLATE = utf8mb4_0900_ai_ci COMMENT = '评论点赞表' ROW_FORMAT = DYNAMIC;

-- ----------------------------
-- Records of comment_like
-- ----------------------------
INSERT INTO `comment_like` VALUES (1, 3, 1, '2025-09-27 13:53:28');
INSERT INTO `comment_like` VALUES (2, 4, 1, '2025-09-27 13:53:28');
INSERT INTO `comment_like` VALUES (3, 1, 2, '2025-09-27 13:53:28');
INSERT INTO `comment_like` VALUES (4, 5, 2, '2025-09-27 13:53:28');
INSERT INTO `comment_like` VALUES (5, 2, 3, '2025-09-27 13:53:28');
INSERT INTO `comment_like` VALUES (6, 6, 3, '2025-09-27 13:53:28');
INSERT INTO `comment_like` VALUES (7, 3, 4, '2025-09-27 13:53:28');
INSERT INTO `comment_like` VALUES (8, 4, 4, '2025-09-27 13:53:28');
INSERT INTO `comment_like` VALUES (9, 5, 5, '2025-09-27 13:53:28');
INSERT INTO `comment_like` VALUES (10, 6, 5, '2025-09-27 13:53:28');
INSERT INTO `comment_like` VALUES (11, 7, 6, '2025-09-27 13:53:28');
INSERT INTO `comment_like` VALUES (12, 8, 6, '2025-09-27 13:53:28');
INSERT INTO `comment_like` VALUES (13, 9, 7, '2025-09-27 13:53:28');
INSERT INTO `comment_like` VALUES (14, 10, 7, '2025-09-27 13:53:28');
INSERT INTO `comment_like` VALUES (15, 11, 8, '2025-09-27 13:53:28');

-- ----------------------------
-- Table structure for favorite
-- ----------------------------
DROP TABLE IF EXISTS `favorite`;
CREATE TABLE `favorite`  (
  `id` bigint NOT NULL AUTO_INCREMENT COMMENT '收藏ID',
  `user_id` bigint NOT NULL COMMENT '用户ID',
  `type` tinyint NOT NULL COMMENT '收藏类型: 1-帖子, 2-景点, 3-商品, 4-攻略',
  `target_id` bigint NOT NULL COMMENT '收藏目标ID',
  `create_time` datetime NULL DEFAULT CURRENT_TIMESTAMP,
  PRIMARY KEY (`id`) USING BTREE,
  UNIQUE INDEX `uk_user_type_target`(`user_id` ASC, `type` ASC, `target_id` ASC) USING BTREE,
  INDEX `idx_user_id`(`user_id` ASC) USING BTREE,
  INDEX `idx_type_target`(`type` ASC, `target_id` ASC) USING BTREE
) ENGINE = InnoDB AUTO_INCREMENT = 37 CHARACTER SET = utf8mb4 COLLATE = utf8mb4_0900_ai_ci COMMENT = '用户收藏表' ROW_FORMAT = DYNAMIC;

-- ----------------------------
-- Records of favorite
-- ----------------------------
INSERT INTO `favorite` VALUES (19, 1, 1, 1, '2025-09-27 13:53:15');
INSERT INTO `favorite` VALUES (20, 1, 3, 3, '2025-09-27 13:53:15');
INSERT INTO `favorite` VALUES (21, 2, 1, 3, '2025-09-27 13:53:15');
INSERT INTO `favorite` VALUES (22, 2, 2, 1, '2025-09-27 13:53:15');
INSERT INTO `favorite` VALUES (23, 3, 1, 4, '2025-09-27 13:53:15');
INSERT INTO `favorite` VALUES (24, 3, 4, 1, '2025-09-27 13:53:15');
INSERT INTO `favorite` VALUES (25, 4, 3, 5, '2025-09-27 13:53:15');
INSERT INTO `favorite` VALUES (26, 5, 2, 2, '2025-09-27 13:53:15');
INSERT INTO `favorite` VALUES (27, 6, 1, 6, '2025-09-27 13:53:15');
INSERT INTO `favorite` VALUES (28, 7, 3, 8, '2025-09-27 13:53:15');
INSERT INTO `favorite` VALUES (29, 8, 4, 1, '2025-09-27 13:53:15');
INSERT INTO `favorite` VALUES (30, 9, 2, 3, '2025-09-27 13:53:15');
INSERT INTO `favorite` VALUES (31, 10, 1, 7, '2025-09-27 13:53:15');
INSERT INTO `favorite` VALUES (32, 11, 3, 10, '2025-09-27 13:53:15');
INSERT INTO `favorite` VALUES (33, 12, 2, 4, '2025-09-27 13:53:15');
INSERT INTO `favorite` VALUES (34, 1971813431033851906, 1, 82, '2025-09-30 19:58:51');
INSERT INTO `favorite` VALUES (36, 1985962880853172225, 1, 63, '2025-11-06 16:12:17');

-- ----------------------------
-- Table structure for itinerary
-- ----------------------------
DROP TABLE IF EXISTS `itinerary`;
CREATE TABLE `itinerary`  (
  `id` bigint NOT NULL AUTO_INCREMENT COMMENT '行程ID',
  `user_id` bigint NOT NULL COMMENT '用户ID',
  `title` varchar(255) CHARACTER SET utf8mb4 COLLATE utf8mb4_0900_ai_ci NOT NULL COMMENT '行程标题',
  `start_date` date NOT NULL COMMENT '开始日期',
  `end_date` date NOT NULL COMMENT '结束日期',
  `day_count` int NULL DEFAULT 1 COMMENT '天数',
  `status` tinyint NULL DEFAULT 0 COMMENT '状态: 0-规划中, 1-进行中, 2-已完成',
  `create_time` datetime NULL DEFAULT CURRENT_TIMESTAMP,
  `update_time` datetime NULL DEFAULT CURRENT_TIMESTAMP ON UPDATE CURRENT_TIMESTAMP,
  `is_delete` tinyint NULL DEFAULT 0,
  PRIMARY KEY (`id`) USING BTREE,
  INDEX `idx_user_id`(`user_id` ASC) USING BTREE,
  INDEX `idx_status`(`status` ASC) USING BTREE,
  INDEX `idx_dates`(`start_date` ASC, `end_date` ASC) USING BTREE
) ENGINE = InnoDB AUTO_INCREMENT = 13 CHARACTER SET = utf8mb4 COLLATE = utf8mb4_0900_ai_ci COMMENT = '行程主表' ROW_FORMAT = DYNAMIC;

-- ----------------------------
-- Records of itinerary
-- ----------------------------
INSERT INTO `itinerary` VALUES (1, 1, '广州文化之旅', '2025-10-01', '2025-10-03', 3, 0, '2025-09-27 13:53:28', '2025-09-27 13:53:28', 0);
INSERT INTO `itinerary` VALUES (2, 1, '从化温泉周末游', '2025-10-15', '2025-10-16', 2, 0, '2025-09-27 13:53:28', '2025-09-27 13:53:28', 0);
INSERT INTO `itinerary` VALUES (3, 2, '摄影采风之旅', '2025-10-05', '2025-10-07', 3, 0, '2025-09-27 13:53:28', '2025-09-27 13:53:28', 0);
INSERT INTO `itinerary` VALUES (4, 3, '美食探索之旅', '2025-10-10', '2025-10-12', 3, 0, '2025-09-27 13:53:28', '2025-09-27 13:53:28', 0);
INSERT INTO `itinerary` VALUES (5, 11, '自驾粤北行', '2025-10-20', '2025-10-25', 6, 0, '2025-09-27 13:53:28', '2025-09-27 13:53:28', 0);
INSERT INTO `itinerary` VALUES (6, 13, '亲子欢乐游', '2025-10-08', '2025-10-10', 3, 0, '2025-09-27 13:53:28', '2025-09-27 13:53:28', 0);
INSERT INTO `itinerary` VALUES (7, 9, '历史遗迹考察', '2025-10-18', '2025-10-20', 3, 0, '2025-09-27 13:53:28', '2025-09-27 13:53:28', 0);
INSERT INTO `itinerary` VALUES (8, 8, '酒店体验之旅', '2025-10-22', '2025-10-24', 3, 0, '2025-09-27 13:53:28', '2025-09-27 13:53:28', 0);
INSERT INTO `itinerary` VALUES (9, 1, '秋季登山计划', '2025-11-01', '2025-11-03', 3, 0, '2025-09-27 13:53:28', '2025-09-27 13:53:28', 0);
INSERT INTO `itinerary` VALUES (10, 2, '珠江夜景拍摄', '2025-10-28', '2025-10-29', 2, 0, '2025-09-27 13:53:28', '2025-09-27 13:53:28', 0);
INSERT INTO `itinerary` VALUES (11, 3, '粤菜寻味之旅', '2025-11-05', '2025-11-07', 3, 0, '2025-09-27 13:53:28', '2025-09-27 13:53:28', 0);
INSERT INTO `itinerary` VALUES (12, 11, '沿海自驾游', '2025-11-10', '2025-11-15', 6, 0, '2025-09-27 13:53:28', '2025-09-27 13:53:28', 0);

-- ----------------------------
-- Table structure for itinerary_detail
-- ----------------------------
DROP TABLE IF EXISTS `itinerary_detail`;
CREATE TABLE `itinerary_detail`  (
  `id` bigint NOT NULL AUTO_INCREMENT COMMENT '明细ID',
  `itinerary_id` bigint NOT NULL COMMENT '行程ID',
  `day_number` int NOT NULL COMMENT '第几天',
  `spot_id` bigint NOT NULL COMMENT '景点ID（逻辑外键 -> scenic_spot.id）',
  `start_time` time NULL DEFAULT NULL COMMENT '开始时间',
  `end_time` time NULL DEFAULT NULL COMMENT '结束时间',
  `notes` varchar(500) CHARACTER SET utf8mb4 COLLATE utf8mb4_0900_ai_ci NULL DEFAULT NULL COMMENT '备注',
  `order_num` int NULL DEFAULT 0 COMMENT '排序号',
  `create_time` datetime NULL DEFAULT CURRENT_TIMESTAMP,
  PRIMARY KEY (`id`) USING BTREE,
  INDEX `idx_itinerary_id`(`itinerary_id` ASC) USING BTREE,
  INDEX `idx_spot_id`(`spot_id` ASC) USING BTREE,
  INDEX `idx_day`(`itinerary_id` ASC, `day_number` ASC) USING BTREE
) ENGINE = InnoDB AUTO_INCREMENT = 31 CHARACTER SET = utf8mb4 COLLATE = utf8mb4_0900_ai_ci COMMENT = '行程明细表' ROW_FORMAT = DYNAMIC;

-- ----------------------------
-- Records of itinerary_detail
-- ----------------------------
INSERT INTO `itinerary_detail` VALUES (1, 1, 1, 1, '09:00:00', '12:00:00', NULL, 0, '2025-09-27 13:53:28');
INSERT INTO `itinerary_detail` VALUES (2, 1, 1, 2, '14:00:00', '17:00:00', NULL, 0, '2025-09-27 13:53:28');
INSERT INTO `itinerary_detail` VALUES (3, 1, 2, 3, '19:00:00', '21:00:00', NULL, 0, '2025-09-27 13:53:28');
INSERT INTO `itinerary_detail` VALUES (4, 1, 3, 4, '10:00:00', '17:00:00', NULL, 0, '2025-09-27 13:53:28');
INSERT INTO `itinerary_detail` VALUES (5, 2, 1, 6, '14:00:00', '18:00:00', NULL, 0, '2025-09-27 13:53:28');
INSERT INTO `itinerary_detail` VALUES (6, 2, 2, 13, '09:00:00', '12:00:00', NULL, 0, '2025-09-27 13:53:28');
INSERT INTO `itinerary_detail` VALUES (7, 3, 1, 1, '05:00:00', '08:00:00', NULL, 0, '2025-09-27 13:53:28');
INSERT INTO `itinerary_detail` VALUES (8, 3, 2, 8, '16:00:00', '20:00:00', NULL, 0, '2025-09-27 13:53:28');
INSERT INTO `itinerary_detail` VALUES (9, 3, 3, 12, '09:00:00', '12:00:00', NULL, 0, '2025-09-27 13:53:28');
INSERT INTO `itinerary_detail` VALUES (10, 4, 1, 10, '11:00:00', '13:00:00', NULL, 0, '2025-09-27 13:53:28');
INSERT INTO `itinerary_detail` VALUES (11, 4, 2, 7, '18:00:00', '20:00:00', NULL, 0, '2025-09-27 13:53:28');
INSERT INTO `itinerary_detail` VALUES (12, 4, 3, 5, '12:00:00', '14:00:00', NULL, 0, '2025-09-27 13:53:28');
INSERT INTO `itinerary_detail` VALUES (13, 5, 1, 1, '09:00:00', '12:00:00', NULL, 0, '2025-09-27 13:53:28');
INSERT INTO `itinerary_detail` VALUES (14, 5, 2, 13, '10:00:00', '15:00:00', NULL, 0, '2025-09-27 13:53:28');
INSERT INTO `itinerary_detail` VALUES (15, 5, 3, 15, '16:00:00', '18:00:00', NULL, 0, '2025-09-27 13:53:28');
INSERT INTO `itinerary_detail` VALUES (16, 5, 4, 14, '10:00:00', '12:00:00', NULL, 0, '2025-09-27 13:53:28');
INSERT INTO `itinerary_detail` VALUES (17, 5, 5, 11, '14:00:00', '17:00:00', NULL, 0, '2025-09-27 13:53:28');
INSERT INTO `itinerary_detail` VALUES (18, 5, 6, 9, '09:00:00', '12:00:00', NULL, 0, '2025-09-27 13:53:28');
INSERT INTO `itinerary_detail` VALUES (19, 6, 1, 4, '10:00:00', '17:00:00', NULL, 0, '2025-09-27 13:53:28');
INSERT INTO `itinerary_detail` VALUES (20, 6, 2, 8, '14:00:00', '18:00:00', NULL, 0, '2025-09-27 13:53:28');
INSERT INTO `itinerary_detail` VALUES (21, 6, 3, 7, '10:00:00', '12:00:00', NULL, 0, '2025-09-27 13:53:28');
INSERT INTO `itinerary_detail` VALUES (22, 7, 1, 2, '09:00:00', '12:00:00', NULL, 0, '2025-09-27 13:53:28');
INSERT INTO `itinerary_detail` VALUES (23, 7, 2, 14, '14:00:00', '16:00:00', NULL, 0, '2025-09-27 13:53:28');
INSERT INTO `itinerary_detail` VALUES (24, 7, 3, 5, '10:00:00', '12:00:00', NULL, 0, '2025-09-27 13:53:28');
INSERT INTO `itinerary_detail` VALUES (25, 8, 1, 6, '15:00:00', '18:00:00', NULL, 0, '2025-09-27 13:53:28');
INSERT INTO `itinerary_detail` VALUES (26, 8, 2, 1, '09:00:00', '12:00:00', NULL, 0, '2025-09-27 13:53:28');
INSERT INTO `itinerary_detail` VALUES (27, 8, 3, 8, '16:00:00', '20:00:00', NULL, 0, '2025-09-27 13:53:28');
INSERT INTO `itinerary_detail` VALUES (28, 9, 1, 1, '08:00:00', '12:00:00', NULL, 0, '2025-09-27 13:53:28');
INSERT INTO `itinerary_detail` VALUES (29, 9, 2, 10, '09:00:00', '12:00:00', NULL, 0, '2025-09-27 13:53:28');
INSERT INTO `itinerary_detail` VALUES (30, 9, 3, 13, '10:00:00', '15:00:00', NULL, 0, '2025-09-27 13:53:28');

-- ----------------------------
-- Table structure for like_record
-- ----------------------------
DROP TABLE IF EXISTS `like_record`;
CREATE TABLE `like_record`  (
  `id` bigint NOT NULL AUTO_INCREMENT,
  `user_id` bigint NOT NULL COMMENT '用户ID',
  `post_id` bigint NOT NULL COMMENT '帖子ID',
  `create_time` datetime NULL DEFAULT CURRENT_TIMESTAMP,
  PRIMARY KEY (`id`) USING BTREE,
  UNIQUE INDEX `uk_user_post`(`user_id` ASC, `post_id` ASC) USING BTREE,
  INDEX `idx_post_id`(`post_id` ASC) USING BTREE,
  INDEX `idx_user_id`(`user_id` ASC) USING BTREE
) ENGINE = InnoDB AUTO_INCREMENT = 47 CHARACTER SET = utf8mb4 COLLATE = utf8mb4_0900_ai_ci COMMENT = '点赞记录表' ROW_FORMAT = DYNAMIC;

-- ----------------------------
-- Records of like_record
-- ----------------------------
INSERT INTO `like_record` VALUES (17, 3, 1, '2025-09-27 13:53:15');
INSERT INTO `like_record` VALUES (18, 4, 1, '2025-09-27 13:53:15');
INSERT INTO `like_record` VALUES (19, 5, 1, '2025-09-27 13:53:15');
INSERT INTO `like_record` VALUES (20, 2, 2, '2025-09-27 13:53:15');
INSERT INTO `like_record` VALUES (21, 3, 2, '2025-09-27 13:53:15');
INSERT INTO `like_record` VALUES (22, 1, 3, '2025-09-27 13:53:15');
INSERT INTO `like_record` VALUES (23, 4, 3, '2025-09-27 13:53:15');
INSERT INTO `like_record` VALUES (24, 3, 4, '2025-09-27 13:53:15');
INSERT INTO `like_record` VALUES (25, 5, 4, '2025-09-27 13:53:15');
INSERT INTO `like_record` VALUES (26, 6, 5, '2025-09-27 13:53:15');
INSERT INTO `like_record` VALUES (27, 7, 5, '2025-09-27 13:53:15');
INSERT INTO `like_record` VALUES (28, 8, 6, '2025-09-27 13:53:15');
INSERT INTO `like_record` VALUES (29, 9, 6, '2025-09-27 13:53:15');
INSERT INTO `like_record` VALUES (30, 10, 7, '2025-09-27 13:53:15');
INSERT INTO `like_record` VALUES (31, 11, 7, '2025-09-27 13:53:15');
INSERT INTO `like_record` VALUES (32, 1971813431033851906, 55, '2025-09-27 14:59:09');
INSERT INTO `like_record` VALUES (33, 1971813431033851906, 54, '2025-09-27 14:59:12');
INSERT INTO `like_record` VALUES (34, 1971813431033851906, 53, '2025-09-27 14:59:13');
INSERT INTO `like_record` VALUES (35, 1971813431033851906, 82, '2025-09-30 19:58:49');
INSERT INTO `like_record` VALUES (36, 1972994847960481793, 82, '2025-09-30 20:07:37');
INSERT INTO `like_record` VALUES (38, 1973987306786885634, 67, '2025-10-06 14:08:57');
INSERT INTO `like_record` VALUES (40, 1973987306786885634, 82, '2025-10-06 14:09:05');
INSERT INTO `like_record` VALUES (41, 1971813431033851906, 63, '2025-10-31 14:50:42');
INSERT INTO `like_record` VALUES (42, 1985619081119506433, 62, '2025-11-04 19:49:40');
INSERT INTO `like_record` VALUES (45, 1985962880853172225, 67, '2025-11-06 18:41:05');
INSERT INTO `like_record` VALUES (46, 1986358469361979394, 63, '2025-11-06 20:29:16');

-- ----------------------------
-- Table structure for memory_card
-- ----------------------------
DROP TABLE IF EXISTS `memory_card`;
CREATE TABLE `memory_card`  (
  `id` bigint NOT NULL AUTO_INCREMENT COMMENT '主键ID',
  `trip_id` bigint NOT NULL COMMENT '行程ID',
  `user_id` bigint NOT NULL COMMENT '用户ID',
  `template_name` varchar(100) CHARACTER SET utf8mb4 COLLATE utf8mb4_0900_ai_ci NOT NULL DEFAULT 'default' COMMENT '模板名称（固定模板，MVP阶段只有一个）',
  `image_url` varchar(512) CHARACTER SET utf8mb4 COLLATE utf8mb4_0900_ai_ci NULL DEFAULT NULL COMMENT '生成结果URL',
  `task_id` varchar(100) CHARACTER SET utf8mb4 COLLATE utf8mb4_0900_ai_ci NULL DEFAULT NULL COMMENT '生成任务ID（用于异步任务轮询）',
  `remote_task_id` varchar(128) CHARACTER SET utf8mb4 COLLATE utf8mb4_0900_ai_ci NULL DEFAULT NULL COMMENT '远端图像任务ID（MQ异步查询用）',
  `status` varchar(20) CHARACTER SET utf8mb4 COLLATE utf8mb4_0900_ai_ci NOT NULL DEFAULT 'pending' COMMENT '生成状态：pending（待生成）、processing（生成中）、success（成功）、failed（失败）',
  `error_message` text CHARACTER SET utf8mb4 COLLATE utf8mb4_0900_ai_ci NULL COMMENT '错误信息（如果生成失败）',
  `retry_count` int NOT NULL DEFAULT 0 COMMENT '重试次数',
  `create_time` datetime NOT NULL DEFAULT CURRENT_TIMESTAMP COMMENT '创建时间',
  `update_time` datetime NOT NULL DEFAULT CURRENT_TIMESTAMP ON UPDATE CURRENT_TIMESTAMP COMMENT '更新时间',
  `is_delete` tinyint NOT NULL DEFAULT 0 COMMENT '是否删除（0-未删除，1-已删除）',
  PRIMARY KEY (`id`) USING BTREE,
  INDEX `idx_trip_id`(`trip_id` ASC) USING BTREE,
  INDEX `idx_user_id`(`user_id` ASC) USING BTREE,
  INDEX `idx_task_id`(`task_id` ASC) USING BTREE,
  INDEX `idx_status`(`status` ASC) USING BTREE,
  INDEX `idx_is_delete`(`is_delete` ASC) USING BTREE,
  INDEX `idx_remote_task_id`(`remote_task_id` ASC) USING BTREE
) ENGINE = InnoDB AUTO_INCREMENT = 9 CHARACTER SET = utf8mb4 COLLATE = utf8mb4_0900_ai_ci COMMENT = '回忆图表' ROW_FORMAT = DYNAMIC;

-- ----------------------------
-- Records of memory_card
-- ----------------------------
INSERT INTO `memory_card` VALUES (1, 1, 1971813431033851906, 'default', 'https://qq-1375584552.cos.ap-guangzhou.myqcloud.com/memory-card/1/2025-11-11_4NKiQGM1fPm4TzRK.webp', 'b5cedd53-8303-4ee4-a312-868229ab7ab0', NULL, 'success', NULL, 0, '2025-11-11 20:01:40', '2025-11-11 20:01:40', 0);
INSERT INTO `memory_card` VALUES (2, 6, 1971813431033851906, 'default', 'https://qq-1375584552.cos.ap-guangzhou.myqcloud.com/memory-card/6/2025-11-20_38e7U43sDFAl3WF4.webp', 'd972e830-3250-4b47-8eb9-956dcc12fd06', NULL, 'success', NULL, 0, '2025-11-20 19:58:06', '2025-11-20 19:58:06', 0);
INSERT INTO `memory_card` VALUES (3, 7, 1971813431033851906, 'default', 'https://qq-1375584552.cos.ap-guangzhou.myqcloud.com/memory-card/7/2025-11-25_zehmcPWN0bDk3TO5.webp', '3dbe0d0a-5281-4aef-ae26-62c99fe7175e', NULL, 'failed', '查询异常：I/O error on GET request for \"https://dashscope.aliyuncs.com/api/v1/tasks/3dbe0d0a-5281-4aef-ae26-62c99fe7175e\": Connection timed out: connect', 0, '2025-11-25 15:48:03', '2025-11-25 15:48:03', 0);
INSERT INTO `memory_card` VALUES (4, 8, 1971813431033851906, 'default', 'https://qq-1375584552.cos.ap-guangzhou.myqcloud.com/memory-card/8/2025-11-25_BPOJpsaTFB0wYFL1.webp', '55567df1-d6a5-4af0-9c62-2dfd5a5a5d2d', NULL, 'success', NULL, 0, '2025-11-25 15:58:21', '2025-11-25 15:58:21', 0);
INSERT INTO `memory_card` VALUES (5, 9, 1971813431033851906, 'default', 'https://qq-1375584552.cos.ap-guangzhou.myqcloud.com/memory-card/9/2025-11-25_n0jgeNUO2utI6aW5.webp', '333665e0-f65c-479a-a809-032087f43938', '333665e0-f65c-479a-a809-032087f43938', 'success', NULL, 0, '2025-11-25 18:08:31', '2025-11-25 18:08:31', 0);
INSERT INTO `memory_card` VALUES (6, 10, 1971813431033851906, 'default', 'https://qq-1375584552.cos.ap-guangzhou.myqcloud.com/memory-card/10/2025-11-25_HjodijfbgJxd7Ni4.webp', '75cda560-e174-4cf7-909b-f298f8cbc603', '0e8303d4-45a2-4a1c-a4ed-b9377ec9f905', 'success', NULL, 0, '2025-11-25 18:16:42', '2025-11-25 18:16:42', 0);
INSERT INTO `memory_card` VALUES (7, 11, 1971813431033851906, 'default', 'https://qq-1375584552.cos.ap-guangzhou.myqcloud.com/memory-card/11/2025-11-25_BZLDZNhc6sSpw7eW.webp', '94577a00-ac45-4e94-ba65-674c4f978444', '8dbc1135-7067-4cc5-8679-afe55cbaee60', 'success', NULL, 0, '2025-11-25 18:22:10', '2025-11-25 18:22:10', 0);
INSERT INTO `memory_card` VALUES (8, 12, 1971813431033851906, 'default', 'https://qq-1375584552.cos.ap-guangzhou.myqcloud.com/memory-card/12/2025-11-25_s5x5IKHsRzaAIz9Y.webp', '398ded41-b937-45d7-9093-1fdc5aa4fe9c', 'dd4835be-9295-4aa9-b61f-b326748a3213', 'success', NULL, 0, '2025-11-25 18:28:01', '2025-11-25 18:28:01', 0);

-- ----------------------------
-- Table structure for memory_card_history
-- ----------------------------
DROP TABLE IF EXISTS `memory_card_history`;
CREATE TABLE `memory_card_history`  (
  `id` bigint NOT NULL AUTO_INCREMENT COMMENT '主键ID',
  `trip_id` bigint NOT NULL COMMENT '行程ID',
  `user_id` bigint NOT NULL COMMENT '用户ID',
  `template_name` varchar(100) CHARACTER SET utf8mb4 COLLATE utf8mb4_0900_ai_ci NOT NULL DEFAULT 'default' COMMENT '模板名称',
  `image_url` varchar(512) CHARACTER SET utf8mb4 COLLATE utf8mb4_0900_ai_ci NULL DEFAULT NULL COMMENT '图片URL（已持久化至COS）',
  `task_id` varchar(100) CHARACTER SET utf8mb4 COLLATE utf8mb4_0900_ai_ci NULL DEFAULT NULL COMMENT '生成任务ID',
  `status` varchar(20) CHARACTER SET utf8mb4 COLLATE utf8mb4_0900_ai_ci NOT NULL DEFAULT 'success' COMMENT '状态，历史记录一般为success',
  `error_message` text CHARACTER SET utf8mb4 COLLATE utf8mb4_0900_ai_ci NULL COMMENT '错误信息（如有）',
  `retry_count` int NOT NULL DEFAULT 0 COMMENT '重试次数',
  `create_time` datetime NOT NULL DEFAULT CURRENT_TIMESTAMP COMMENT '创建时间',
  `update_time` datetime NOT NULL DEFAULT CURRENT_TIMESTAMP ON UPDATE CURRENT_TIMESTAMP COMMENT '更新时间',
  `is_delete` tinyint NOT NULL DEFAULT 0 COMMENT '是否删除（0-未删除，1-已删除）',
  PRIMARY KEY (`id`) USING BTREE,
  INDEX `idx_trip_id`(`trip_id` ASC) USING BTREE,
  INDEX `idx_user_id`(`user_id` ASC) USING BTREE,
  INDEX `idx_create_time`(`create_time` ASC) USING BTREE,
  INDEX `idx_is_delete`(`is_delete` ASC) USING BTREE
) ENGINE = InnoDB AUTO_INCREMENT = 17 CHARACTER SET = utf8mb4 COLLATE = utf8mb4_0900_ai_ci COMMENT = '回忆图历史表' ROW_FORMAT = DYNAMIC;

-- ----------------------------
-- Records of memory_card_history
-- ----------------------------
INSERT INTO `memory_card_history` VALUES (1, 1, 1971813431033851906, 'default', 'https://qq-1375584552.cos.ap-guangzhou.myqcloud.com/memory-card/1/2025-11-11_4NKiQGM1fPm4TzRK.webp', 'b5cedd53-8303-4ee4-a312-868229ab7ab0', 'success', NULL, 0, '2025-11-11 20:01:57', '2025-11-11 20:01:57', 0);
INSERT INTO `memory_card_history` VALUES (2, 6, 1971813431033851906, 'default', 'https://qq-1375584552.cos.ap-guangzhou.myqcloud.com/memory-card/6/2025-11-20_qp8j8ksCXyMgBwSc.webp', 'd972e830-3250-4b47-8eb9-956dcc12fd06', 'success', NULL, 0, '2025-11-20 19:58:20', '2025-11-20 19:58:20', 0);
INSERT INTO `memory_card_history` VALUES (3, 6, 1971813431033851906, 'default', 'https://qq-1375584552.cos.ap-guangzhou.myqcloud.com/memory-card/6/2025-11-20_38e7U43sDFAl3WF4.webp', 'd972e830-3250-4b47-8eb9-956dcc12fd06', 'success', NULL, 0, '2025-11-20 19:58:21', '2025-11-20 19:58:21', 0);
INSERT INTO `memory_card_history` VALUES (4, 7, 1971813431033851906, 'default', 'https://qq-1375584552.cos.ap-guangzhou.myqcloud.com/memory-card/7/2025-11-25_zehmcPWN0bDk3TO5.webp', '3dbe0d0a-5281-4aef-ae26-62c99fe7175e', 'success', NULL, 0, '2025-11-25 15:49:18', '2025-11-25 15:49:18', 0);
INSERT INTO `memory_card_history` VALUES (5, 8, 1971813431033851906, 'default', 'https://qq-1375584552.cos.ap-guangzhou.myqcloud.com/memory-card/8/2025-11-25_s7EuRDT6TGKXUZ7N.webp', '55567df1-d6a5-4af0-9c62-2dfd5a5a5d2d', 'success', NULL, 0, '2025-11-25 15:58:54', '2025-11-25 15:58:54', 0);
INSERT INTO `memory_card_history` VALUES (6, 8, 1971813431033851906, 'default', 'https://qq-1375584552.cos.ap-guangzhou.myqcloud.com/memory-card/8/2025-11-25_BPOJpsaTFB0wYFL1.webp', '55567df1-d6a5-4af0-9c62-2dfd5a5a5d2d', 'success', NULL, 0, '2025-11-25 15:59:01', '2025-11-25 15:59:01', 0);
INSERT INTO `memory_card_history` VALUES (7, 9, 1971813431033851906, 'default', 'https://qq-1375584552.cos.ap-guangzhou.myqcloud.com/memory-card/9/2025-11-25_pPsGESqFR2bVjkeu.webp', 'a40877b7-d8ab-422d-b26f-0c7e5fa73b0e', 'success', NULL, 0, '2025-11-25 18:09:07', '2025-11-25 18:09:07', 0);
INSERT INTO `memory_card_history` VALUES (8, 9, 1971813431033851906, 'default', 'https://qq-1375584552.cos.ap-guangzhou.myqcloud.com/memory-card/9/2025-11-25_757GygHPd0Wa3o6m.webp', 'a40877b7-d8ab-422d-b26f-0c7e5fa73b0e', 'success', NULL, 0, '2025-11-25 18:09:31', '2025-11-25 18:09:31', 0);
INSERT INTO `memory_card_history` VALUES (9, 9, 1971813431033851906, 'default', 'https://qq-1375584552.cos.ap-guangzhou.myqcloud.com/memory-card/9/2025-11-25_LMquLsIbkcHZ5f0l.webp', 'a40877b7-d8ab-422d-b26f-0c7e5fa73b0e', 'success', NULL, 0, '2025-11-25 18:09:54', '2025-11-25 18:09:54', 0);
INSERT INTO `memory_card_history` VALUES (10, 9, 1971813431033851906, 'default', 'https://qq-1375584552.cos.ap-guangzhou.myqcloud.com/memory-card/9/2025-11-25_LMquLsIbkcHZ5f0l.webp', 'a40877b7-d8ab-422d-b26f-0c7e5fa73b0e', 'success', NULL, 0, '2025-11-25 18:15:17', '2025-11-25 18:15:17', 0);
INSERT INTO `memory_card_history` VALUES (11, 9, 1971813431033851906, 'default', 'https://qq-1375584552.cos.ap-guangzhou.myqcloud.com/memory-card/9/2025-11-25_n0jgeNUO2utI6aW5.webp', '333665e0-f65c-479a-a809-032087f43938', 'success', NULL, 0, '2025-11-25 18:15:49', '2025-11-25 18:15:49', 0);
INSERT INTO `memory_card_history` VALUES (12, 10, 1971813431033851906, 'default', 'https://qq-1375584552.cos.ap-guangzhou.myqcloud.com/memory-card/10/2025-11-25_ZKJqbepAjqeCox7d.webp', '75cda560-e174-4cf7-909b-f298f8cbc603', 'success', NULL, 0, '2025-11-25 18:17:00', '2025-11-25 18:17:00', 0);
INSERT INTO `memory_card_history` VALUES (13, 10, 1971813431033851906, 'default', 'https://qq-1375584552.cos.ap-guangzhou.myqcloud.com/memory-card/10/2025-11-25_HjodijfbgJxd7Ni4.webp', '75cda560-e174-4cf7-909b-f298f8cbc603', 'success', NULL, 0, '2025-11-25 18:17:48', '2025-11-25 18:17:48', 0);
INSERT INTO `memory_card_history` VALUES (14, 11, 1971813431033851906, 'default', 'https://qq-1375584552.cos.ap-guangzhou.myqcloud.com/memory-card/11/2025-11-25_vHBNl6AHM5nY3cgE.webp', '94577a00-ac45-4e94-ba65-674c4f978444', 'success', NULL, 0, '2025-11-25 18:22:40', '2025-11-25 18:22:40', 0);
INSERT INTO `memory_card_history` VALUES (15, 11, 1971813431033851906, 'default', 'https://qq-1375584552.cos.ap-guangzhou.myqcloud.com/memory-card/11/2025-11-25_BZLDZNhc6sSpw7eW.webp', '94577a00-ac45-4e94-ba65-674c4f978444', 'success', NULL, 0, '2025-11-25 18:23:00', '2025-11-25 18:23:00', 0);
INSERT INTO `memory_card_history` VALUES (16, 12, 1971813431033851906, 'default', 'https://qq-1375584552.cos.ap-guangzhou.myqcloud.com/memory-card/12/2025-11-25_s5x5IKHsRzaAIz9Y.webp', '398ded41-b937-45d7-9093-1fdc5aa4fe9c', 'success', NULL, 0, '2025-11-25 18:28:29', '2025-11-25 18:28:29', 0);

-- ----------------------------
-- Table structure for merchant
-- ----------------------------
DROP TABLE IF EXISTS `merchant`;
CREATE TABLE `merchant`  (
  `id` bigint NOT NULL AUTO_INCREMENT COMMENT '主键ID',
  `user_id` bigint NOT NULL COMMENT '关联用户表ID',
  `name` varchar(255) CHARACTER SET utf8mb4 COLLATE utf8mb4_0900_ai_ci NOT NULL COMMENT '店铺名称',
  `type` tinyint NOT NULL COMMENT '类型: 1-美食, 2-工艺品, 3-农产品, 4-酒店, 5-娱乐',
  `introduction` text CHARACTER SET utf8mb4 COLLATE utf8mb4_0900_ai_ci NULL COMMENT '店铺简介',
  `cover_url` varchar(512) CHARACTER SET utf8mb4 COLLATE utf8mb4_0900_ai_ci NULL DEFAULT NULL COMMENT '封面图',
  `logo_url` varchar(512) CHARACTER SET utf8mb4 COLLATE utf8mb4_0900_ai_ci NULL DEFAULT NULL COMMENT '店铺Logo',
  `longitude` decimal(9, 6) NULL DEFAULT NULL COMMENT '经度',
  `latitude` decimal(9, 6) NULL DEFAULT NULL COMMENT '纬度',
  `location` varchar(512) CHARACTER SET utf8mb4 COLLATE utf8mb4_0900_ai_ci NULL DEFAULT NULL COMMENT '具体地址',
  `open_hours` varchar(255) CHARACTER SET utf8mb4 COLLATE utf8mb4_0900_ai_ci NULL DEFAULT NULL COMMENT '营业时间',
  `contact_phone` varchar(20) CHARACTER SET utf8mb4 COLLATE utf8mb4_0900_ai_ci NULL DEFAULT NULL COMMENT '联系电话',
  `rating` decimal(3, 1) NULL DEFAULT 0.0 COMMENT '平均评分',
  `status` tinyint NULL DEFAULT 1 COMMENT '状态: 0-歇业, 1-营业中, 2-审核中, 3-禁用',
  `min_price` decimal(10, 2) NULL DEFAULT 0.00 COMMENT '最低商品价格(用于筛选)',
  `max_price` decimal(10, 2) NULL DEFAULT 0.00 COMMENT '最高商品价格(用于筛选)',
  `tags` varchar(255) CHARACTER SET utf8mb4 COLLATE utf8mb4_0900_ai_ci NULL DEFAULT NULL COMMENT '标签(JSON格式,如[\"网红店\",\"老字号\"])',
  `business_hours` varchar(255) CHARACTER SET utf8mb4 COLLATE utf8mb4_0900_ai_ci NULL DEFAULT NULL COMMENT '营业时间描述',
  `service_score` decimal(2, 1) NULL DEFAULT 5.0 COMMENT '服务评分',
  `environment_score` decimal(2, 1) NULL DEFAULT 5.0 COMMENT '环境评分',
  `feature_tags` varchar(255) CHARACTER SET utf8mb4 COLLATE utf8mb4_0900_ai_ci NULL DEFAULT NULL COMMENT '特色标签(JSON格式)',
  `is_verified` tinyint NULL DEFAULT 0 COMMENT '是否认证商家',
  `create_time` datetime NULL DEFAULT CURRENT_TIMESTAMP,
  `update_time` datetime NULL DEFAULT CURRENT_TIMESTAMP ON UPDATE CURRENT_TIMESTAMP,
  `is_delete` tinyint NULL DEFAULT 0,
  PRIMARY KEY (`id`) USING BTREE,
  INDEX `idx_user_id`(`user_id` ASC) USING BTREE,
  INDEX `idx_type`(`type` ASC) USING BTREE,
  INDEX `idx_location`(`longitude` ASC, `latitude` ASC) USING BTREE,
  INDEX `idx_status`(`status` ASC) USING BTREE,
  INDEX `idx_name`(`name` ASC) USING BTREE,
  INDEX `idx_rating`(`rating` ASC) USING BTREE,
  INDEX `idx_price_range`(`min_price` ASC, `max_price` ASC) USING BTREE,
  INDEX `idx_is_verified`(`is_verified` ASC) USING BTREE
) ENGINE = InnoDB AUTO_INCREMENT = 13 CHARACTER SET = utf8mb4 COLLATE = utf8mb4_0900_ai_ci COMMENT = '商家主表' ROW_FORMAT = DYNAMIC;

-- ----------------------------
-- Records of merchant
-- ----------------------------
INSERT INTO `merchant` VALUES (1, 1973987306786885634, '从化老字号美食坊', 1, '从化本地正宗美食，传承百年老手艺。以新鲜食材和传统烹饪技法，为您呈现最地道的岭南风味。推荐菜品：蒸排骨、白切鸡、煲仔饭。', 'https://bpic.588ku.com/back_list_pic/22/01/12/aa22da1fc25f978d109e9729bd5aab9e.jpg', 'https://img.picgo.net/20241217/logo-food.png', 113.586389, 23.548309, '广州市从化区街口街道建设路88号', '周一至周日 10:00-22:00', '020-87901234', 4.8, 1, 30.00, 200.00, '[\"老字号\",\"粤菜\",\"性价比高\"]', '周一至周日 10:00-22:00', 4.9, 4.7, '[\"停车位\",\"WiFi\",\"包厢\"]', 1, '2025-10-17 18:23:10', '2025-11-18 17:01:31', 1);
INSERT INTO `merchant` VALUES (2, 1973987306786885634, '流溪河精品民宿', 4, '坐落在流溪河畔的精品民宿，环境优美，设施齐全。每间客房都配有独立阳台，可欣赏山景水色。提供早餐、免费停车等服务。是度假休闲的理想选择。', 'https://ts1.tc.mm.bing.net/th/id/R-C.4da110c44b9323a0bcb5a92877425c9b?rik=L4P%2bj%2bq%2fg2aLKA&riu=http%3a%2f%2fn.sinaimg.cn%2fsinakd20113%2f607%2fw640h767%2f20210306%2fd62e-kkxpcze0493202.jpg&ehk=EitDc3GBVYQXV4FPi9KONZCldr1dytqONBe5giQ%2fKlA%3d&risl=&pid=ImgRaw&r=0', 'https://ts1.tc.mm.bing.net/th/id/R-C.4da110c44b9323a0bcb5a92877425c9b?rik=L4P%2bj%2bq%2fg2aLKA&riu=http%3a%2f%2fn.sinaimg.cn%2fsinakd20113%2f607%2fw640h767%2f20210306%2fd62e-kkxpcze0493202.jpg&ehk=EitDc3GBVYQXV4FPi9KONZCldr1dytqONBe5giQ%2fKlA%3d&risl=&pid=ImgRaw&r=0', 113.578234, 23.512456, '广州市从化区温泉镇温泉大道128号', '24小时营业', '020-87899888', 4.6, 1, 200.00, 800.00, '[\"江景房\",\"免费WiFi\",\"免费停车\",\"宠物友好\"]', '24小时营业', 4.7, 4.8, '[\"江景\",\"温泉\",\"早餐\",\"宠物友好\"]', 1, '2025-10-17 18:23:10', '2025-11-17 00:11:57', 0);
INSERT INTO `merchant` VALUES (3, 1973987306786885634, '从化竹艺坊', 2, '专业制作竹制工艺品的传统手工作坊。选用优质楠竹，传承百年工艺，制作各类精美的竹制品：竹篮、竹席、竹编画等。支持定制，欢迎参观制作过程。', 'https://ts1.tc.mm.bing.net/th/id/R-C.e26441ca6db0c2ef8cca28811d79dd8c?rik=uERrwIDVWALqug&riu=http%3a%2f%2fimg.wenlvnews.com%2fa%2f10001%2f202303%2fb3ee3afc0b185788ba1129f46d79bfca.jpeg&ehk=QZrThaONQl8af42851cmcDYFO%2bpmx6EHdAvp9HTd%2f8w%3d&risl=&pid=ImgRaw&r=0', 'https://ts1.tc.mm.bing.net/th/id/R-C.e26441ca6db0c2ef8cca28811d79dd8c?rik=uERrwIDVWALqug&riu=http%3a%2f%2fimg.wenlvnews.com%2fa%2f10001%2f202303%2fb3ee3afc0b185788ba1129f46d79bfca.jpeg&ehk=QZrThaONQl8af42851cmcDYFO%2bpmx6EHdAvp9HTd%2f8w%3d&risl=&pid=ImgRaw&r=0', 113.594567, 23.545678, '广州市从化区太平镇竹艺街99号', '周一至周日 09:00-18:00', '020-87880111', 4.9, 1, 50.00, 1500.00, '[\"纯手工\",\"传统工艺\",\"可定制\"]', '周一至周日 09:00-18:00', 4.8, 4.6, '[\"可参观\",\"可定制\",\"材料包\",\"包邮\"]', 1, '2025-10-17 18:30:00', '2025-11-17 00:12:20', 0);
INSERT INTO `merchant` VALUES (4, 1973987306786885634, '荔枝岭果园', 3, '从化本地有机农场，主要种植荔枝、龙眼、黄皮等岭南特色水果。所有水果均采用有机种植方式，无农药残留，新鲜直供。支持现场采摘和线上订购。', 'https://ts1.tc.mm.bing.net/th/id/R-C.629226cd23836f2118190db783296b70?rik=4r02uHpA1LznWw&riu=http%3a%2f%2fimg.mp.sohu.com%2fupload%2f20180607%2fdc85866508834a09b4b4fdf0c5a3deee_th.jpg&ehk=eW0%2b82BN%2b7TyWEHeE77E8nZzTxDqDEKSZ9r04l09gH4%3d&risl=&pid=ImgRaw&r=0', 'https://ts1.tc.mm.bing.net/th/id/R-C.629226cd23836f2118190db783296b70?rik=4r02uHpA1LznWw&riu=http%3a%2f%2fimg.mp.sohu.com%2fupload%2f20180607%2fdc85866508834a09b4b4fdf0c5a3deee_th.jpg&ehk=eW0%2b82BN%2b7TyWEHeE77E8nZzTxDqDEKSZ9r04l09gH4%3d&risl=&pid=ImgRaw&r=0', 113.602234, 23.523456, '广州市从化区江埔街道荔枝岭村果园路18号', '采摘季：5-9月 08:00-18:00', '020-87880222', 4.7, 1, 25.00, 150.00, '[\"有机种植\",\"现场采摘\",\"新鲜直供\",\"快递到家\"]', '采摘季：5-9月 08:00-18:00', 4.8, 4.5, '[\"有机认证\",\"支持采摘\",\"快递配送\",\"团购优惠\"]', 1, '2025-10-18 00:09:32', '2025-11-17 00:13:10', 0);
INSERT INTO `merchant` VALUES (5, 1973987306786885634, '流溪河游船体验中心', 5, '专业提供流溪河游船观光服务的旅游中心。配备现代化游船设备，提供多种游船路线：日游、夜游、包船等。沿途可欣赏山水风光，领略从化自然之美。', 'https://www.chtour.cn/UpFile/image/20240318/171075157437174.jpg', 'https://www.chtour.cn/UpFile/image/20240318/171075157437174.jpg', 113.572345, 23.538901, '广州市从化区温泉镇流溪河码头', '周一至周日 08:30-17:30', '020-87880333', 4.8, 1, 50.00, 500.00, '[\"游船观光\",\"日游\",\"夜游\",\"包船\",\"团体优惠\"]', '周一至周日 08:30-17:30', 4.9, 4.8, '[\"游船观光\",\"日游夜游\",\"包船服务\",\"团体优惠\",\"安全设备\"]', 1, '2025-10-18 00:15:00', '2025-11-17 00:14:02', 0);

-- ----------------------------
-- Table structure for merchant_audit
-- ----------------------------
DROP TABLE IF EXISTS `merchant_audit`;
CREATE TABLE `merchant_audit`  (
  `id` bigint NOT NULL AUTO_INCREMENT,
  `merchant_id` bigint NOT NULL,
  `admin_id` bigint NOT NULL COMMENT '审核管理员ID',
  `old_status` tinyint NOT NULL,
  `new_status` tinyint NOT NULL,
  `reason` varchar(500) CHARACTER SET utf8mb4 COLLATE utf8mb4_0900_ai_ci NULL DEFAULT NULL COMMENT '审核意见',
  `create_time` datetime NULL DEFAULT CURRENT_TIMESTAMP,
  PRIMARY KEY (`id`) USING BTREE,
  INDEX `idx_merchant_id`(`merchant_id` ASC) USING BTREE,
  INDEX `idx_admin_id`(`admin_id` ASC) USING BTREE
) ENGINE = InnoDB AUTO_INCREMENT = 6 CHARACTER SET = utf8mb4 COLLATE = utf8mb4_0900_ai_ci COMMENT = '商家审核记录' ROW_FORMAT = DYNAMIC;

-- ----------------------------
-- Records of merchant_audit
-- ----------------------------
INSERT INTO `merchant_audit` VALUES (1, 1, 1971813431033851906, 2, 1, '资料齐全，符合商家入驻标准', '2025-10-17 18:25:00');
INSERT INTO `merchant_audit` VALUES (2, 2, 1971813431033851906, 2, 1, '民宿环境优美，通过审核', '2025-10-17 18:26:00');
INSERT INTO `merchant_audit` VALUES (3, 3, 1971813431033851906, 2, 1, '传统手工艺有特色，予以通过', '2025-10-17 18:30:00');
INSERT INTO `merchant_audit` VALUES (4, 4, 1971813431033851906, 2, 1, '有机农场认证齐全，审核通过', '2025-10-18 00:10:00');
INSERT INTO `merchant_audit` VALUES (5, 5, 1971813431033851906, 2, 1, '游船服务规范，准予营业', '2025-10-18 00:16:00');

-- ----------------------------
-- Table structure for merchant_craft
-- ----------------------------
DROP TABLE IF EXISTS `merchant_craft`;
CREATE TABLE `merchant_craft`  (
  `id` bigint NOT NULL AUTO_INCREMENT COMMENT '主键ID',
  `merchant_id` bigint NOT NULL COMMENT '关联商家主表ID（逻辑外键）',
  `main_material` varchar(100) CHARACTER SET utf8mb4 COLLATE utf8mb4_0900_ai_ci NULL DEFAULT NULL COMMENT '主要材质（如：木质、陶瓷、银饰、布料）',
  `craft_type` varchar(100) CHARACTER SET utf8mb4 COLLATE utf8mb4_0900_ai_ci NULL DEFAULT NULL COMMENT '工艺品类（如：陶瓷、刺绣、木雕、银饰）',
  `production_method` varchar(100) CHARACTER SET utf8mb4 COLLATE utf8mb4_0900_ai_ci NULL DEFAULT NULL COMMENT '制作方式（如：手工、机械、半手工）',
  `is_customizable` tinyint NULL DEFAULT 0 COMMENT '是否支持定制（0-否，1-是）',
  `create_time` datetime NULL DEFAULT CURRENT_TIMESTAMP COMMENT '创建时间',
  `update_time` datetime NULL DEFAULT CURRENT_TIMESTAMP ON UPDATE CURRENT_TIMESTAMP COMMENT '更新时间',
  PRIMARY KEY (`id`) USING BTREE,
  UNIQUE INDEX `uk_merchant_id`(`merchant_id` ASC) USING BTREE COMMENT '唯一索引：确保一个商家只有一条扩展记录',
  INDEX `idx_main_material`(`main_material` ASC) USING BTREE COMMENT '索引：按材质筛选工艺品',
  INDEX `idx_craft_type`(`craft_type` ASC) USING BTREE COMMENT '索引：按工艺品类筛选',
  INDEX `idx_production_method`(`production_method` ASC) USING BTREE COMMENT '索引：按制作方式筛选'
) ENGINE = InnoDB CHARACTER SET = utf8mb4 COLLATE = utf8mb4_0900_ai_ci COMMENT = '工艺品商家扩展表' ROW_FORMAT = DYNAMIC;

-- ----------------------------
-- Records of merchant_craft
-- ----------------------------

-- ----------------------------
-- Table structure for merchant_extend
-- ----------------------------
DROP TABLE IF EXISTS `merchant_extend`;
CREATE TABLE `merchant_extend`  (
  `id` bigint NOT NULL AUTO_INCREMENT,
  `merchant_id` bigint NOT NULL COMMENT '商家ID',
  `extend_type` tinyint NOT NULL COMMENT '扩展类型:1-美食,2-工艺品...',
  `extend_data` text CHARACTER SET utf8mb4 COLLATE utf8mb4_0900_ai_ci NOT NULL COMMENT '扩展数据(JSON格式)',
  `create_time` datetime NULL DEFAULT CURRENT_TIMESTAMP,
  `update_time` datetime NULL DEFAULT CURRENT_TIMESTAMP ON UPDATE CURRENT_TIMESTAMP,
  PRIMARY KEY (`id`) USING BTREE,
  UNIQUE INDEX `uk_merchant_id`(`merchant_id` ASC) USING BTREE,
  INDEX `idx_extend_type`(`extend_type` ASC) USING BTREE
) ENGINE = InnoDB AUTO_INCREMENT = 6 CHARACTER SET = utf8mb4 COLLATE = utf8mb4_0900_ai_ci COMMENT = '商家扩展信息表' ROW_FORMAT = DYNAMIC;

-- ----------------------------
-- Records of merchant_extend
-- ----------------------------
INSERT INTO `merchant_extend` VALUES (1, 1, 1, '{\"chef_count\": 5, \"signature_dishes\": [\"白切鸡\", \"蒸排骨\", \"煲仔饭\"], \"seating_capacity\": 100}', '2025-10-17 18:30:00', '2025-11-17 00:17:14');
INSERT INTO `merchant_extend` VALUES (2, 2, 4, '{\"room_count\": 50, \"facilities\": [\"温泉\", \"游泳池\", \"餐厅\"], \"check_in_time\": \"14:00\", \"check_out_time\": \"12:00\"}', '2025-10-17 18:40:00', '2025-11-17 00:17:14');
INSERT INTO `merchant_extend` VALUES (3, 3, 2, '{\"craftsman_count\": 8, \"main_products\": [\"竹篮\", \"竹席\", \"装饰画\"], \"workshop_area\": 200}', '2025-10-17 18:50:00', '2025-11-17 00:17:14');
INSERT INTO `merchant_extend` VALUES (4, 4, 3, '{\"farm_area\": 50, \"main_crops\": [\"荔枝\", \"龙眼\", \"黄皮\"], \"organic_certification\": true}', '2025-10-18 00:10:00', '2025-11-17 00:17:14');
INSERT INTO `merchant_extend` VALUES (5, 5, 5, '{\"boat_count\": 10, \"route_count\": 3, \"max_capacity\": 30, \"safety_rating\": 4.8}', '2025-10-18 00:16:00', '2025-11-17 00:17:14');

-- ----------------------------
-- Table structure for merchant_farm
-- ----------------------------
DROP TABLE IF EXISTS `merchant_farm`;
CREATE TABLE `merchant_farm`  (
  `id` bigint NOT NULL AUTO_INCREMENT COMMENT '主键ID',
  `merchant_id` bigint NOT NULL COMMENT '关联商家主表ID（逻辑外键）',
  `farm_address` varchar(512) CHARACTER SET utf8mb4 COLLATE utf8mb4_0900_ai_ci NULL DEFAULT NULL COMMENT '农场/产地地址',
  `plant_type` varchar(100) CHARACTER SET utf8mb4 COLLATE utf8mb4_0900_ai_ci NULL DEFAULT NULL COMMENT '作物类型（如：水果、蔬菜、谷物、茶叶）',
  `is_organic` tinyint NULL DEFAULT 0 COMMENT '是否有机认证（0-否，1-是）',
  `pick_period` varchar(100) CHARACTER SET utf8mb4 COLLATE utf8mb4_0900_ai_ci NULL DEFAULT NULL COMMENT '最佳采摘期/产季（如：7-9月）',
  `plant_scale` varchar(100) CHARACTER SET utf8mb4 COLLATE utf8mb4_0900_ai_ci NULL DEFAULT NULL COMMENT '种植规模（如：家庭农场、合作社、基地）',
  `create_time` datetime NULL DEFAULT CURRENT_TIMESTAMP COMMENT '创建时间',
  `update_time` datetime NULL DEFAULT CURRENT_TIMESTAMP ON UPDATE CURRENT_TIMESTAMP COMMENT '更新时间',
  PRIMARY KEY (`id`) USING BTREE,
  UNIQUE INDEX `uk_merchant_id`(`merchant_id` ASC) USING BTREE COMMENT '唯一索引：确保一个商家只有一条扩展记录',
  INDEX `idx_plant_type`(`plant_type` ASC) USING BTREE COMMENT '索引：按作物类型筛选',
  INDEX `idx_is_organic`(`is_organic` ASC) USING BTREE COMMENT '索引：按是否有机筛选',
  INDEX `idx_pick_period`(`pick_period` ASC) USING BTREE COMMENT '索引：按产季筛选'
) ENGINE = InnoDB CHARACTER SET = utf8mb4 COLLATE = utf8mb4_0900_ai_ci COMMENT = '农产品商家扩展表' ROW_FORMAT = DYNAMIC;

-- ----------------------------
-- Records of merchant_farm
-- ----------------------------

-- ----------------------------
-- Table structure for merchant_food
-- ----------------------------
DROP TABLE IF EXISTS `merchant_food`;
CREATE TABLE `merchant_food`  (
  `id` bigint NOT NULL AUTO_INCREMENT COMMENT '主键ID',
  `merchant_id` bigint NOT NULL COMMENT '关联商家主表ID（逻辑外键）',
  `per_capita_price` decimal(10, 2) NULL DEFAULT NULL COMMENT '人均消费',
  `signature_dish` varchar(255) CHARACTER SET utf8mb4 COLLATE utf8mb4_0900_ai_ci NULL DEFAULT NULL COMMENT '招牌菜',
  `cuisine_type` varchar(100) CHARACTER SET utf8mb4 COLLATE utf8mb4_0900_ai_ci NULL DEFAULT NULL COMMENT '菜系（如：川菜、粤菜、西餐）',
  `environment` varchar(255) CHARACTER SET utf8mb4 COLLATE utf8mb4_0900_ai_ci NULL DEFAULT NULL COMMENT '环境特色（如：复古、简约、网红）',
  `create_time` datetime NULL DEFAULT CURRENT_TIMESTAMP COMMENT '创建时间',
  `update_time` datetime NULL DEFAULT CURRENT_TIMESTAMP ON UPDATE CURRENT_TIMESTAMP COMMENT '更新时间',
  PRIMARY KEY (`id`) USING BTREE,
  UNIQUE INDEX `uk_merchant_id`(`merchant_id` ASC) USING BTREE COMMENT '唯一索引：确保一个商家只有一条扩展记录',
  INDEX `idx_cuisine_type`(`cuisine_type` ASC) USING BTREE COMMENT '索引：按菜系筛选美食商家'
) ENGINE = InnoDB CHARACTER SET = utf8mb4 COLLATE = utf8mb4_0900_ai_ci COMMENT = '美食商家扩展表' ROW_FORMAT = DYNAMIC;

-- ----------------------------
-- Records of merchant_food
-- ----------------------------

-- ----------------------------
-- Table structure for merchant_service
-- ----------------------------
DROP TABLE IF EXISTS `merchant_service`;
CREATE TABLE `merchant_service`  (
  `id` bigint NOT NULL AUTO_INCREMENT,
  `merchant_id` bigint NOT NULL COMMENT '商家ID',
  `service_type` tinyint NOT NULL COMMENT '服务类型:1-配送,2-自提,3-预约',
  `service_config` text CHARACTER SET utf8mb4 COLLATE utf8mb4_0900_ai_ci NOT NULL COMMENT '服务配置(JSON格式)',
  `status` tinyint NULL DEFAULT 1 COMMENT '状态:1-启用,0-禁用',
  `create_time` datetime NULL DEFAULT CURRENT_TIMESTAMP,
  `update_time` datetime NULL DEFAULT CURRENT_TIMESTAMP ON UPDATE CURRENT_TIMESTAMP,
  PRIMARY KEY (`id`) USING BTREE,
  INDEX `idx_merchant_id`(`merchant_id` ASC) USING BTREE,
  INDEX `idx_service_type`(`service_type` ASC) USING BTREE
) ENGINE = InnoDB AUTO_INCREMENT = 6 CHARACTER SET = utf8mb4 COLLATE = utf8mb4_0900_ai_ci COMMENT = '商家服务配置表' ROW_FORMAT = DYNAMIC;

-- ----------------------------
-- Records of merchant_service
-- ----------------------------
INSERT INTO `merchant_service` VALUES (1, 1, 1, '{\"delivery_fee\": 5, \"min_order_amount\": 50, \"delivery_radius\": 5}', 1, '2025-10-17 18:30:00', '2025-11-17 00:17:21');
INSERT INTO `merchant_service` VALUES (2, 1, 2, '{\"pickup_hours\": \"10:00-21:00\", \"pickup_location\": \"前台\"}', 1, '2025-10-17 18:30:00', '2025-11-17 00:17:21');
INSERT INTO `merchant_service` VALUES (3, 2, 3, '{\"advance_booking_days\": 7, \"cancellation_policy\": \"提前24小时免费取消\"}', 1, '2025-10-17 18:40:00', '2025-11-17 00:17:21');
INSERT INTO `merchant_service` VALUES (4, 3, 2, '{\"pickup_hours\": \"09:00-18:00\", \"pickup_location\": \"工作室\"}', 1, '2025-10-17 18:50:00', '2025-11-17 00:17:21');
INSERT INTO `merchant_service` VALUES (5, 5, 3, '{\"advance_booking_days\": 3, \"group_booking_min\": 10}', 1, '2025-10-18 00:16:00', '2025-11-17 00:17:21');

-- ----------------------------
-- Table structure for message_like
-- ----------------------------
DROP TABLE IF EXISTS `message_like`;
CREATE TABLE `message_like`  (
  `id` bigint NOT NULL AUTO_INCREMENT,
  `user_id` bigint NOT NULL,
  `message_id` bigint NOT NULL,
  `create_time` datetime NULL DEFAULT CURRENT_TIMESTAMP,
  `is_delete` tinyint NULL DEFAULT 0 COMMENT '是否删除',
  `update_time` datetime NULL DEFAULT CURRENT_TIMESTAMP ON UPDATE CURRENT_TIMESTAMP,
  PRIMARY KEY (`id`) USING BTREE,
  UNIQUE INDEX `uk_user_message`(`user_id` ASC, `message_id` ASC) USING BTREE,
  INDEX `idx_message_id`(`message_id` ASC) USING BTREE
) ENGINE = InnoDB AUTO_INCREMENT = 6 CHARACTER SET = utf8mb4 COLLATE = utf8mb4_0900_ai_ci COMMENT = '留言点赞表' ROW_FORMAT = DYNAMIC;

-- ----------------------------
-- Records of message_like
-- ----------------------------
INSERT INTO `message_like` VALUES (1, 2, 1, '2025-10-25 09:30:00', 0, '2025-10-28 10:55:38');
INSERT INTO `message_like` VALUES (2, 3, 1, '2025-10-25 09:35:00', 0, '2025-10-28 10:55:38');
INSERT INTO `message_like` VALUES (3, 1, 2, '2025-10-25 10:40:00', 0, '2025-10-28 10:55:38');
INSERT INTO `message_like` VALUES (4, 4, 3, '2025-10-25 12:00:00', 0, '2025-10-28 10:55:38');
INSERT INTO `message_like` VALUES (5, 5, 5, '2025-10-25 15:05:00', 0, '2025-10-28 10:55:38');

-- ----------------------------
-- Table structure for message_wall
-- ----------------------------
DROP TABLE IF EXISTS `message_wall`;
CREATE TABLE `message_wall`  (
  `id` bigint NOT NULL AUTO_INCREMENT,
  `scenic_spot_id` bigint NOT NULL COMMENT '关联景点ID',
  `user_id` bigint NOT NULL,
  `user_name` varchar(100) CHARACTER SET utf8mb4 COLLATE utf8mb4_0900_ai_ci NULL DEFAULT '匿名用户',
  `user_avatar` varchar(512) CHARACTER SET utf8mb4 COLLATE utf8mb4_0900_ai_ci NULL DEFAULT NULL,
  `content` text CHARACTER SET utf8mb4 COLLATE utf8mb4_0900_ai_ci NOT NULL,
  `likes` int NULL DEFAULT 0,
  `text_color` varchar(20) CHARACTER SET utf8mb4 COLLATE utf8mb4_0900_ai_ci NULL DEFAULT '#FFFFFF',
  `font_size` int NULL DEFAULT 20,
  `background_color` varchar(20) CHARACTER SET utf8mb4 COLLATE utf8mb4_0900_ai_ci NULL DEFAULT 'rgba(0,0,0,0.3)',
  `background_id` bigint NULL DEFAULT NULL COMMENT '使用的背景图片ID',
  `is_barrage` tinyint(1) NULL DEFAULT 0 COMMENT '弹幕模式',
  `barrage_speed` int NULL DEFAULT 3 COMMENT '弹幕速度',
  `barrage_trajectory` int NULL DEFAULT 3 COMMENT '弹幕轨迹',
  `is_anonymous` tinyint(1) NULL DEFAULT 0,
  `message_type` tinyint NULL DEFAULT 1 COMMENT '1-普通留言,2-官方公告',
  `status` tinyint NULL DEFAULT 1 COMMENT '0-待审核,1-已发布,2-已删除',
  `create_time` datetime NULL DEFAULT CURRENT_TIMESTAMP,
  `update_time` datetime NULL DEFAULT CURRENT_TIMESTAMP ON UPDATE CURRENT_TIMESTAMP,
  `is_delete` tinyint NULL DEFAULT 0,
  `visibility` tinyint NULL DEFAULT 1 COMMENT '可见性:1-公开,0-私密',
  `review_time` datetime NULL DEFAULT NULL COMMENT '审核时间',
  `review_admin_id` bigint NULL DEFAULT NULL COMMENT '审核管理员ID',
  `ip_address` varchar(50) CHARACTER SET utf8mb4 COLLATE utf8mb4_0900_ai_ci NULL DEFAULT NULL COMMENT '发布IP地址',
  PRIMARY KEY (`id`) USING BTREE,
  INDEX `idx_scenic_spot_id`(`scenic_spot_id` ASC) USING BTREE,
  INDEX `idx_user_id`(`user_id` ASC) USING BTREE,
  INDEX `idx_create_time`(`create_time` DESC) USING BTREE,
  INDEX `idx_status`(`status` ASC) USING BTREE,
  INDEX `idx_background`(`background_id` ASC) USING BTREE,
  INDEX `idx_spot_status_time`(`scenic_spot_id` ASC, `status` ASC, `create_time` DESC) USING BTREE,
  INDEX `idx_user_status`(`user_id` ASC, `status` ASC) USING BTREE,
  INDEX `idx_review_admin`(`review_admin_id` ASC) USING BTREE
) ENGINE = InnoDB AUTO_INCREMENT = 11 CHARACTER SET = utf8mb4 COLLATE = utf8mb4_0900_ai_ci COMMENT = '留言墙主表' ROW_FORMAT = DYNAMIC;

-- ----------------------------
-- Records of message_wall
-- ----------------------------
INSERT INTO `message_wall` VALUES (1, 1, 1, '旅行达人', 'avatar1.jpg', '这里的风景太美了，强烈推荐！', 15, '#FF5733', 24, 'rgba(0,0,0,0.3)', 1, 0, 3, 3, 0, 1, 1, '2025-10-25 09:15:22', '2025-10-25 09:15:22', 0, 1, NULL, NULL, NULL);
INSERT INTO `message_wall` VALUES (2, 1, 2, '摄影爱好者', 'avatar2.jpg', '日出时分的景色绝佳，适合拍照', 8, '#33FF57', 20, 'rgba(0,0,0,0.4)', 2, 1, 4, 2, 0, 1, 1, '2025-10-25 10:30:45', '2025-10-25 10:30:45', 0, 1, NULL, NULL, NULL);
INSERT INTO `message_wall` VALUES (3, 2, 3, '美食家', 'avatar3.jpg', '景区内的特色小吃不容错过', 23, '#3357FF', 22, 'rgba(0,0,0,0.2)', 3, 0, 3, 3, 0, 1, 1, '2025-10-25 11:45:12', '2025-10-25 11:45:12', 0, 1, NULL, NULL, NULL);
INSERT INTO `message_wall` VALUES (4, 2, 4, '亲子游', 'avatar4.jpg', '带孩子来玩很合适，设施齐全', 5, '#F3FF33', 18, 'rgba(0,0,0,0.5)', 4, 1, 5, 1, 0, 1, 1, '2025-10-25 13:20:33', '2025-10-25 13:20:33', 0, 1, NULL, NULL, NULL);
INSERT INTO `message_wall` VALUES (5, 3, 5, '官方账号', 'official.jpg', '景区冬季开放时间调整公告', 42, '#FFFFFF', 28, 'rgba(0,0,0,0.6)', NULL, 0, 3, 3, 0, 2, 1, '2025-10-25 15:00:00', '2025-10-31 15:20:28', 0, 1, NULL, NULL, NULL);
INSERT INTO `message_wall` VALUES (6, 1, 1971813431033851906, '无名', NULL, '你好啊白云山', 0, '#FFFFFF', 20, 'rgba(0,0,0,0.3)', NULL, 1, 3, 3, 0, 1, 1, '2025-11-01 11:31:12', '2025-11-01 11:31:28', 0, 1, NULL, NULL, NULL);
INSERT INTO `message_wall` VALUES (7, 1, 1971813431033851906, '无名', NULL, '我来也', 0, '#FFFFFF', 20, 'rgba(0,0,0,0.3)', NULL, 1, 3, 3, 0, 1, 1, '2025-11-01 12:04:19', '2025-11-01 12:04:29', 0, 1, NULL, NULL, NULL);
INSERT INTO `message_wall` VALUES (8, 1, 1971813431033851906, '无名', NULL, '绘画', 0, '#FFFFFF', 20, 'rgba(0,0,0,0.3)', NULL, 1, 3, 3, 0, 1, 1, '2025-11-01 12:51:50', '2025-11-01 12:52:10', 0, 1, NULL, NULL, NULL);
INSERT INTO `message_wall` VALUES (9, 2, 1985962880853172225, '无名', NULL, '66666', 0, '#FFFFFF', 20, 'rgba(0,0,0,0.3)', NULL, 1, 3, 3, 0, 1, 1, '2025-11-05 16:25:37', '2025-11-18 19:48:11', 0, 1, NULL, NULL, NULL);
INSERT INTO `message_wall` VALUES (10, 2, 1985962880853172225, '肖晟', NULL, '哈哈哈哈', 0, '#FFFFFF', 20, 'rgba(0,0,0,0.3)', NULL, 1, 3, 3, 0, 1, 1, '2025-11-06 18:57:01', '2025-11-18 19:48:10', 0, 1, NULL, NULL, NULL);

-- ----------------------------
-- Table structure for order_item
-- ----------------------------
DROP TABLE IF EXISTS `order_item`;
CREATE TABLE `order_item`  (
  `id` bigint NOT NULL AUTO_INCREMENT,
  `order_id` bigint NOT NULL COMMENT '订单ID',
  `product_id` bigint NOT NULL COMMENT '商品ID',
  `product_name` varchar(255) CHARACTER SET utf8mb4 COLLATE utf8mb4_0900_ai_ci NOT NULL COMMENT '商品名称(下单时的快照)',
  `product_image` varchar(512) CHARACTER SET utf8mb4 COLLATE utf8mb4_0900_ai_ci NULL DEFAULT NULL COMMENT '商品图片(下单时的快照)',
  `price` decimal(10, 2) NOT NULL COMMENT '单价',
  `quantity` int NOT NULL COMMENT '数量',
  `total_price` decimal(10, 2) NOT NULL COMMENT '小计',
  `specs` text CHARACTER SET utf8mb4 COLLATE utf8mb4_0900_ai_ci NULL COMMENT '规格参数(JSON格式)',
  `refund_status` tinyint NULL DEFAULT 0 COMMENT '退款状态:0-未退款,1-退款中,2-已退款',
  `create_time` datetime NULL DEFAULT CURRENT_TIMESTAMP,
  PRIMARY KEY (`id`) USING BTREE,
  INDEX `idx_order_id`(`order_id` ASC) USING BTREE,
  INDEX `idx_product_id`(`product_id` ASC) USING BTREE,
  INDEX `idx_refund_status`(`refund_status` ASC) USING BTREE
) ENGINE = InnoDB AUTO_INCREMENT = 10 CHARACTER SET = utf8mb4 COLLATE = utf8mb4_0900_ai_ci COMMENT = '订单商品明细表' ROW_FORMAT = DYNAMIC;

-- ----------------------------
-- Records of order_item
-- ----------------------------
INSERT INTO `order_item` VALUES (1, 1, 10, '竹编装饰画', 'https://th.bing.com/th/id/OIP.qrs678?w=600&h=800&rs=1&pid=ImgDetMain', 128.00, 1, 128.00, NULL, 0, '2025-11-01 16:28:09');
INSERT INTO `order_item` VALUES (2, 2, 9, '传统竹席', 'https://th.bing.com/th/id/OIP.klm012?w=800&h=600&rs=1&pid=ImgDetMain', 268.00, 1, 268.00, NULL, 0, '2025-11-01 16:29:59');
INSERT INTO `order_item` VALUES (3, 3, 9, '传统竹席', 'https://th.bing.com/th/id/OIP.klm012?w=800&h=600&rs=1&pid=ImgDetMain', 268.00, 3, 804.00, '', 0, '2025-11-01 16:58:58');
INSERT INTO `order_item` VALUES (4, 4, 17, '苹果', '', 0.10, 1, 0.10, '', 0, '2025-11-02 19:23:58');
INSERT INTO `order_item` VALUES (5, 5, 18, '111', '', 11.00, 1, 11.00, '', 0, '2025-11-05 16:26:14');
INSERT INTO `order_item` VALUES (6, 6, 9, '传统竹席', 'https://th.bing.com/th/id/OIP.klm012?w=800&h=600&rs=1&pid=ImgDetMain', 268.00, 1, 268.00, NULL, 0, '2025-11-06 20:32:34');
INSERT INTO `order_item` VALUES (7, 7, 14, '流溪河日游船票', 'https://th.bing.com/th/id/OIP.lmn789?w=800&h=600&rs=1&pid=ImgDetMain', 68.00, 1, 68.00, '', 0, '2025-11-06 20:33:06');
INSERT INTO `order_item` VALUES (8, 7, 15, '流溪河夜游船票', 'https://th.bing.com/th/id/OIP.rst345?w=800&h=600&rs=1&pid=ImgDetMain', 88.00, 1, 88.00, '', 0, '2025-11-06 20:33:06');
INSERT INTO `order_item` VALUES (9, 8, 10, '竹编装饰画', 'https://th.bing.com/th/id/OIP.qrs678?w=600&h=800&rs=1&pid=ImgDetMain', 128.00, 1, 128.00, '', 0, '2025-11-18 20:25:11');

-- ----------------------------
-- Table structure for orders
-- ----------------------------
DROP TABLE IF EXISTS `orders`;
CREATE TABLE `orders`  (
  `id` bigint NOT NULL AUTO_INCREMENT,
  `order_no` varchar(32) CHARACTER SET utf8mb4 COLLATE utf8mb4_0900_ai_ci NOT NULL COMMENT '订单号',
  `user_id` bigint NOT NULL COMMENT '用户ID',
  `merchant_id` bigint NOT NULL COMMENT '商家ID',
  `total_amount` decimal(10, 2) NOT NULL COMMENT '订单总金额',
  `actual_amount` decimal(10, 2) NOT NULL COMMENT '实付金额',
  `discount_amount` decimal(10, 2) NULL DEFAULT 0.00 COMMENT '优惠金额',
  `status` tinyint NULL DEFAULT 0 COMMENT '状态:0-待支付,1-已支付,2-已取消,3-已完成,4-退款中,5-已退款',
  `pay_time` datetime NULL DEFAULT NULL COMMENT '支付时间',
  `pay_method` tinyint NULL DEFAULT NULL COMMENT '支付方式:1-微信,2-支付宝',
  `transaction_id` varchar(64) CHARACTER SET utf8mb4 COLLATE utf8mb4_0900_ai_ci NULL DEFAULT NULL COMMENT '第三方支付交易号',
  `contact_name` varchar(50) CHARACTER SET utf8mb4 COLLATE utf8mb4_0900_ai_ci NULL DEFAULT NULL COMMENT '联系人',
  `contact_phone` varchar(20) CHARACTER SET utf8mb4 COLLATE utf8mb4_0900_ai_ci NULL DEFAULT NULL COMMENT '联系电话',
  `remark` varchar(500) CHARACTER SET utf8mb4 COLLATE utf8mb4_0900_ai_ci NULL DEFAULT NULL COMMENT '订单备注',
  `shipping_address` text CHARACTER SET utf8mb4 COLLATE utf8mb4_0900_ai_ci NULL COMMENT '配送地址(JSON格式)',
  `invoice_info` text CHARACTER SET utf8mb4 COLLATE utf8mb4_0900_ai_ci NULL COMMENT '发票信息(JSON格式)',
  `cancel_reason` varchar(255) CHARACTER SET utf8mb4 COLLATE utf8mb4_0900_ai_ci NULL DEFAULT NULL COMMENT '取消原因',
  `refund_reason` varchar(255) CHARACTER SET utf8mb4 COLLATE utf8mb4_0900_ai_ci NULL DEFAULT NULL COMMENT '退款原因',
  `create_time` datetime NULL DEFAULT CURRENT_TIMESTAMP,
  `update_time` datetime NULL DEFAULT CURRENT_TIMESTAMP ON UPDATE CURRENT_TIMESTAMP,
  `is_delete` tinyint NULL DEFAULT 0,
  PRIMARY KEY (`id`) USING BTREE,
  UNIQUE INDEX `uk_order_no`(`order_no` ASC) USING BTREE,
  INDEX `idx_user_id`(`user_id` ASC) USING BTREE,
  INDEX `idx_merchant_id`(`merchant_id` ASC) USING BTREE,
  INDEX `idx_status`(`status` ASC) USING BTREE,
  INDEX `idx_create_time`(`create_time` ASC) USING BTREE,
  INDEX `idx_pay_time`(`pay_time` ASC) USING BTREE
) ENGINE = InnoDB AUTO_INCREMENT = 9 CHARACTER SET = utf8mb4 COLLATE = utf8mb4_0900_ai_ci COMMENT = '订单主表' ROW_FORMAT = DYNAMIC;

-- ----------------------------
-- Records of orders
-- ----------------------------
INSERT INTO `orders` VALUES (1, '0a40b7fb31ac47b9bf799deddeb18d12', 1971813431033851906, 3, 128.00, 128.00, 0.00, 0, NULL, NULL, NULL, '林锵', '15919508513', NULL, '广州南方学院', NULL, NULL, NULL, '2025-11-01 16:28:09', '2025-11-01 16:28:09', 0);
INSERT INTO `orders` VALUES (2, 'b183f8b5c1f64770aff5a3111d819da4', 1971813431033851906, 3, 268.00, 268.00, 0.00, 2, NULL, NULL, NULL, '林锵', '15919508513', NULL, '广州南方学院', NULL, '用户主动取消', NULL, '2025-11-01 16:29:59', '2025-11-01 16:29:59', 0);
INSERT INTO `orders` VALUES (3, 'e33c477473ab43de942520ee59f23c02', 1971813431033851906, 3, 804.00, 804.00, 0.00, 1, '2025-11-01 17:41:21', 1, '6286873e253448acbb7538f0ab8e8941', '林锵', '15919508513', NULL, '广州南方学院', NULL, NULL, NULL, '2025-11-01 16:58:58', '2025-11-01 16:58:58', 0);
INSERT INTO `orders` VALUES (4, 'dcdc6582ae114e74afefc8f73fa73457', 1971813431033851906, 12, 0.10, 0.10, 0.00, 1, '2025-11-02 19:24:11', 1, '5e04f6e1729547d0b8011ee2b583a250', '林锵', '15919508513', NULL, '广州南方学院', NULL, NULL, NULL, '2025-11-02 19:23:58', '2025-11-02 19:23:58', 0);
INSERT INTO `orders` VALUES (5, '1d7e04f5db8344bfbea1e46ecdaaff56', 1985962880853172225, 12, 11.00, 11.00, 0.00, 1, '2025-11-05 16:26:33', 1, 'fe036acc37884fc89d6a7e15648f2ea6', '肖晟', '15920055494', NULL, '', NULL, NULL, NULL, '2025-11-05 16:26:14', '2025-11-05 16:26:14', 0);
INSERT INTO `orders` VALUES (6, 'c32cb041f4dc4704a15e8907053d6fec', 1986358469361979394, 3, 268.00, 268.00, 0.00, 0, NULL, NULL, NULL, '肖晟', '15920055494', NULL, '广州南方学院35212', NULL, NULL, NULL, '2025-11-06 20:32:34', '2025-11-06 20:32:34', 0);
INSERT INTO `orders` VALUES (7, 'baf9ab79a4854c5f89dde8ee168e3046', 1986358469361979394, 5, 156.00, 156.00, 0.00, 0, NULL, NULL, NULL, '肖晟', '15920055494', NULL, '广州南方学院35212', NULL, NULL, NULL, '2025-11-06 20:33:06', '2025-11-06 20:33:06', 0);
INSERT INTO `orders` VALUES (8, '935bce9698b44c67afb55e5d06137139', 1990757975922098178, 3, 128.00, 128.00, 0.00, 1, '2025-11-18 20:25:17', 1, '5e8234c277604376b20d9511293f713f', 'lq', 'qqq', NULL, 'qqq', NULL, NULL, NULL, '2025-11-18 20:25:11', '2025-11-18 20:25:11', 0);

-- ----------------------------
-- Table structure for picture
-- ----------------------------
DROP TABLE IF EXISTS `picture`;
CREATE TABLE `picture`  (
  `id` bigint NOT NULL AUTO_INCREMENT COMMENT 'id',
  `url` varchar(512) CHARACTER SET utf8mb4 COLLATE utf8mb4_unicode_ci NOT NULL COMMENT '图片 url',
  `name` varchar(128) CHARACTER SET utf8mb4 COLLATE utf8mb4_unicode_ci NOT NULL COMMENT '图片名称',
  `introduction` varchar(512) CHARACTER SET utf8mb4 COLLATE utf8mb4_unicode_ci NULL DEFAULT NULL COMMENT '简介',
  `category` varchar(64) CHARACTER SET utf8mb4 COLLATE utf8mb4_unicode_ci NULL DEFAULT NULL COMMENT '分类',
  `tags` varchar(512) CHARACTER SET utf8mb4 COLLATE utf8mb4_unicode_ci NULL DEFAULT NULL COMMENT '标签（JSON 数组）',
  `pic_size` bigint NULL DEFAULT NULL COMMENT '图片体积',
  `pic_width` int NULL DEFAULT NULL COMMENT '图片宽度',
  `pic_height` int NULL DEFAULT NULL COMMENT '图片高度',
  `pic_scale` double NULL DEFAULT NULL COMMENT '图片宽高比例',
  `pic_format` varchar(32) CHARACTER SET utf8mb4 COLLATE utf8mb4_unicode_ci NULL DEFAULT NULL COMMENT '图片格式',
  `user_id` bigint NOT NULL COMMENT '创建用户 id',
  `create_time` datetime NOT NULL DEFAULT CURRENT_TIMESTAMP COMMENT '创建时间',
  `edit_time` datetime NOT NULL DEFAULT CURRENT_TIMESTAMP COMMENT '编辑时间',
  `update_time` datetime NOT NULL DEFAULT CURRENT_TIMESTAMP ON UPDATE CURRENT_TIMESTAMP COMMENT '更新时间',
  `is_delete` tinyint NOT NULL DEFAULT 0 COMMENT '是否删除',
  `review_status` int NOT NULL DEFAULT 0 COMMENT '审核状态：0-待审核; 1-通过; 2-拒绝',
  `review_message` varchar(512) CHARACTER SET utf8mb4 COLLATE utf8mb4_unicode_ci NULL DEFAULT NULL COMMENT '审核信息',
  `reviewer_id` bigint NULL DEFAULT NULL COMMENT '审核人 ID',
  `review_time` datetime NULL DEFAULT NULL COMMENT '审核时间',
  `thumbnail_url` varchar(512) CHARACTER SET utf8mb4 COLLATE utf8mb4_unicode_ci NULL DEFAULT NULL COMMENT '缩略图 url',
  `space_id` bigint NULL DEFAULT NULL COMMENT '空间 id（为空表示公共空间）',
  PRIMARY KEY (`id`) USING BTREE,
  INDEX `idx_category`(`category` ASC) USING BTREE,
  INDEX `idx_introduction`(`introduction` ASC) USING BTREE,
  INDEX `idx_name`(`name` ASC) USING BTREE,
  INDEX `idx_review_status`(`review_status` ASC) USING BTREE,
  INDEX `idx_space_id`(`space_id` ASC) USING BTREE,
  INDEX `idx_tags`(`tags` ASC) USING BTREE,
  INDEX `idx_user_id`(`user_id` ASC) USING BTREE
) ENGINE = InnoDB AUTO_INCREMENT = 1973989138267476003 CHARACTER SET = utf8mb4 COLLATE = utf8mb4_unicode_ci COMMENT = '图片' ROW_FORMAT = DYNAMIC;

-- ----------------------------
-- Records of picture
-- ----------------------------
INSERT INTO `picture` VALUES (1967609326446948354, 'https://example.com/pic1.jpg', '山水风景', '桂林山水甲天下', '风景', '[\"自然\",\"山水\"]', NULL, NULL, NULL, NULL, NULL, 1, '2025-09-27 13:53:14', '2025-09-27 13:53:14', '2025-09-27 13:53:14', 0, 0, NULL, NULL, NULL, NULL, 1);
INSERT INTO `picture` VALUES (1967609326446948355, 'https://example.com/food.jpg', '特色美食', '广州地道早茶', '美食', '[\"特产\",\"小吃\"]', NULL, NULL, NULL, NULL, NULL, 4, '2025-09-27 13:53:14', '2025-09-27 13:53:14', '2025-09-27 13:53:14', 0, 0, NULL, NULL, NULL, NULL, 4);
INSERT INTO `picture` VALUES (1967609326446948356, 'https://example.com/craft.jpg', '手工艺品', '传统竹编工艺', '手工艺', '[\"手工\",\"传统\"]', NULL, NULL, NULL, NULL, NULL, 6, '2025-09-27 13:53:14', '2025-09-27 13:53:14', '2025-09-27 13:53:14', 0, 0, NULL, NULL, NULL, NULL, 5);
INSERT INTO `picture` VALUES (1967609326446948357, 'https://example.com/hotel.jpg', '温泉酒店', '从化温泉度假村', '酒店', '[\"温泉\",\"度假\"]', NULL, NULL, NULL, NULL, NULL, 8, '2025-09-27 13:53:14', '2025-09-27 13:53:14', '2025-09-27 13:53:14', 0, 0, NULL, NULL, NULL, NULL, 7);
INSERT INTO `picture` VALUES (1967609326446948358, 'https://example.com/family.jpg', '亲子活动', '儿童乐园体验', '亲子', '[\"亲子\",\"娱乐\"]', NULL, NULL, NULL, NULL, NULL, 13, '2025-09-27 13:53:14', '2025-09-27 13:53:14', '2025-09-27 13:53:14', 0, 0, NULL, NULL, NULL, NULL, 8);
INSERT INTO `picture` VALUES (1967609326446948359, 'https://example.com/tea.jpg', '茶园风光', '高山茶园景色', '风景', '[\"茶叶\",\"自然\"]', NULL, NULL, NULL, NULL, NULL, 12, '2025-09-27 13:53:14', '2025-09-27 13:53:14', '2025-09-27 13:53:14', 0, 0, NULL, NULL, NULL, NULL, 9);
INSERT INTO `picture` VALUES (1967609326446948360, 'https://example.com/drive.jpg', '自驾路线', '川藏线风光', '旅行', '[\"自驾\",\"公路\"]', NULL, NULL, NULL, NULL, NULL, 11, '2025-09-27 13:53:14', '2025-09-27 13:53:14', '2025-09-27 13:53:14', 0, 0, NULL, NULL, NULL, NULL, 10);
INSERT INTO `picture` VALUES (1967609326446948361, 'https://example.com/history.jpg', '历史遗迹', '古城墙遗址', '文化', '[\"历史\",\"古迹\"]', NULL, NULL, NULL, NULL, NULL, 9, '2025-09-27 13:53:14', '2025-09-27 13:53:14', '2025-09-27 13:53:14', 0, 0, NULL, NULL, NULL, NULL, 11);
INSERT INTO `picture` VALUES (1967609326446948362, 'https://example.com/hotspring.jpg', '温泉体验', '露天温泉池', '休闲', '[\"温泉\",\"放松\"]', NULL, NULL, NULL, NULL, NULL, 1, '2025-09-27 13:53:14', '2025-09-27 13:53:14', '2025-09-27 13:53:14', 0, 0, NULL, NULL, NULL, NULL, 12);
INSERT INTO `picture` VALUES (1967609326446948363, 'https://example.com/mountain.jpg', '白云山', '广州白云山风景', '风景', '[\"登山\",\"自然\"]', NULL, NULL, NULL, NULL, NULL, 3, '2025-09-27 13:53:14', '2025-09-27 13:53:14', '2025-09-27 13:53:14', 0, 0, NULL, NULL, NULL, NULL, 6);
INSERT INTO `picture` VALUES (1967609326446948364, 'https://example.com/river.jpg', '珠江夜景', '珠江夜游风光', '城市', '[\"夜景\",\"河流\"]', NULL, NULL, NULL, NULL, NULL, 2, '2025-09-27 13:53:14', '2025-09-27 13:53:14', '2025-09-27 13:53:14', 0, 0, NULL, NULL, NULL, NULL, 3);
INSERT INTO `picture` VALUES (1967609326446948365, 'https://example.com/dimsum.jpg', '广式点心', '虾饺烧卖', '美食', '[\"点心\",\"粤菜\"]', NULL, NULL, NULL, NULL, NULL, 4, '2025-09-27 13:53:14', '2025-09-27 13:53:14', '2025-09-27 13:53:14', 0, 0, NULL, NULL, NULL, NULL, 4);
INSERT INTO `picture` VALUES (1967609326446948366, 'https://example.com/ceramic.jpg', '陶瓷作品', '手工陶瓷茶杯', '手工艺', '[\"陶瓷\",\"工艺品\"]', NULL, NULL, NULL, NULL, NULL, 6, '2025-09-27 13:53:14', '2025-09-27 13:53:14', '2025-09-27 13:53:14', 0, 0, NULL, NULL, NULL, NULL, 5);
INSERT INTO `picture` VALUES (1967609326446948367, 'https://example.com/fruit.jpg', '果园采摘', '有机苹果园', '农业', '[\"水果\",\"采摘\"]', NULL, NULL, NULL, NULL, NULL, 2, '2025-09-27 13:53:14', '2025-09-27 13:53:14', '2025-09-27 13:53:14', 0, 0, NULL, NULL, NULL, NULL, 3);
INSERT INTO `picture` VALUES (1967609326446948368, 'https://example.com/sunset.jpg', '海边日落', '三亚海滩日落', '风景', '[\"海滩\",\"日落\"]', NULL, NULL, NULL, NULL, NULL, 1, '2025-09-27 13:53:14', '2025-09-27 13:53:14', '2025-09-27 13:53:14', 0, 0, NULL, NULL, NULL, NULL, 1);
INSERT INTO `picture` VALUES (1971927283029336065, 'https://qq-1375584552.cos.ap-guangzhou.myqcloud.com/public/1971813431033851906/2025-09-27_HZc4J5HSCVhvNHOV.webp', '匹克球二等奖', NULL, NULL, NULL, 302264, 1279, 1706, 0.75, 'webp', 1971813431033851906, '2025-09-27 21:17:55', '2025-09-27 21:17:55', '2025-09-27 21:17:55', 0, 0, NULL, NULL, NULL, 'https://qq-1375584552.cos.ap-guangzhou.myqcloud.com/public/1971813431033851906/2025-09-27_HZc4J5HSCVhvNHOV_thumbnail.jpg', 0);
INSERT INTO `picture` VALUES (1971935064490852354, 'https://qq-1375584552.cos.ap-guangzhou.myqcloud.com/public/1971813431033851906/2025-09-27_xJIqcso60FtwefAf.webp', '匹克球二等奖.jpg', NULL, NULL, NULL, 302264, 1279, 1706, 0.75, 'webp', 1971813431033851906, '2025-09-27 21:48:50', '2025-09-27 21:48:50', '2025-09-27 21:48:50', 0, 1, '管理员自动过审', 1971813431033851906, '2025-09-27 21:48:51', 'https://qq-1375584552.cos.ap-guangzhou.myqcloud.com/public/1971813431033851906/2025-09-27_xJIqcso60FtwefAf_thumbnail.jpg', 0);
INSERT INTO `picture` VALUES (1971935875396616193, 'https://qq-1375584552.cos.ap-guangzhou.myqcloud.com/public/1971813431033851906/2025-09-27_rmkvKfnZ5eh6AJrl.webp', '匹克球第五.jpg', NULL, NULL, NULL, 600794, 1706, 1279, 1.33, 'webp', 1971813431033851906, '2025-09-27 21:52:04', '2025-09-27 21:52:04', '2025-09-27 21:52:04', 0, 1, '管理员自动过审', 1971813431033851906, '2025-09-27 21:52:04', 'https://qq-1375584552.cos.ap-guangzhou.myqcloud.com/public/1971813431033851906/2025-09-27_rmkvKfnZ5eh6AJrl_thumbnail.jpg', 0);
INSERT INTO `picture` VALUES (1971936186806910977, 'https://qq-1375584552.cos.ap-guangzhou.myqcloud.com/public/1971813431033851906/2025-09-27_iG68h4BpGZIPdzIF.webp', '匹克球第五.jpg', NULL, NULL, NULL, 600794, 1706, 1279, 1.33, 'webp', 1971813431033851906, '2025-09-27 21:53:18', '2025-09-27 21:53:18', '2025-09-27 21:53:18', 0, 1, '管理员自动过审', 1971813431033851906, '2025-09-27 21:53:18', 'https://qq-1375584552.cos.ap-guangzhou.myqcloud.com/public/1971813431033851906/2025-09-27_iG68h4BpGZIPdzIF_thumbnail.jpg', 0);
INSERT INTO `picture` VALUES (1972149713383567362, 'https://qq-1375584552.cos.ap-guangzhou.myqcloud.com/public/1971813431033851906/2025-09-28_AQJO4v7VIsWTk4OY.webp', '1.jpg', NULL, NULL, NULL, 265304, 577, 1016, 0.57, 'webp', 1971813431033851906, '2025-09-28 12:01:47', '2025-09-28 12:01:47', '2025-09-28 12:01:47', 0, 1, '管理员自动过审', 1971813431033851906, '2025-09-28 12:01:47', 'https://qq-1375584552.cos.ap-guangzhou.myqcloud.com/public/1971813431033851906/2025-09-28_AQJO4v7VIsWTk4OY_thumbnail.jpg', 0);
INSERT INTO `picture` VALUES (1972878285450530817, 'https://qq-1375584552.cos.ap-guangzhou.myqcloud.com/public/1971813431033851906/2025-09-30_SgLJe22EHqTQ7ot4.webp', '4ae08a67-0412-4b8c-9cd6-172fa7f44c1d.png', NULL, NULL, NULL, 67786, 618, 889, 0.7, 'webp', 1971813431033851906, '2025-09-30 12:16:52', '2025-09-30 12:16:52', '2025-09-30 12:16:52', 0, 1, '管理员自动过审', 1971813431033851906, '2025-09-30 12:16:52', 'https://qq-1375584552.cos.ap-guangzhou.myqcloud.com/public/1971813431033851906/2025-09-30_SgLJe22EHqTQ7ot4_thumbnail.png', 0);
INSERT INTO `picture` VALUES (1973989138267475969, 'https://qq-1375584552.cos.ap-guangzhou.myqcloud.com/public/1973988478897721345/2025-10-03_mANiiixr1Dauc67r.webp', '2025-03-14.png', NULL, NULL, NULL, 85316, 1920, 1020, 1.88, 'webp', 1973988478897721345, '2025-10-03 13:51:00', '2025-10-03 13:51:00', '2025-10-03 13:51:00', 0, 0, NULL, NULL, NULL, 'https://qq-1375584552.cos.ap-guangzhou.myqcloud.com/public/1973988478897721345/2025-10-03_mANiiixr1Dauc67r_thumbnail.png', 0);
INSERT INTO `picture` VALUES (1973989138267475970, 'https://qq-1375584552.cos.ap-guangzhou.myqcloud.com/public/1973987306786885634/2025-10-08_Em8Y8tyvGM3uvAiA.webp', 'user-avatar.jpg', NULL, NULL, NULL, 28198, 828, 904, 0.92, 'webp', 1973987306786885634, '2025-10-08 15:44:31', '2025-10-08 15:44:31', '2025-10-08 15:44:31', 0, 1, '管理员自动过审', 1973987306786885634, '2025-10-08 15:44:31', 'https://qq-1375584552.cos.ap-guangzhou.myqcloud.com/public/1973987306786885634/2025-10-08_Em8Y8tyvGM3uvAiA.webp', NULL);
INSERT INTO `picture` VALUES (1973989138267475971, 'https://qq-1375584552.cos.ap-guangzhou.myqcloud.com/public/1971813431033851906/2025-11-20_gJwJkSvxO9dKsnT3.webp', '1f3fdd50-b847-4dfe-93a2-8945094fbecf.png', NULL, NULL, NULL, 6510, 169, 312, 0.54, 'webp', 1971813431033851906, '2025-11-20 19:23:42', '2025-11-20 19:23:42', '2025-11-20 19:23:42', 0, 1, '管理员自动过审', 1971813431033851906, '2025-11-20 19:23:42', 'https://qq-1375584552.cos.ap-guangzhou.myqcloud.com/public/1971813431033851906/2025-11-20_gJwJkSvxO9dKsnT3.webp', NULL);
INSERT INTO `picture` VALUES (1973989138267475972, 'https://qq-1375584552.cos.ap-guangzhou.myqcloud.com/public/1971813431033851906/2025-11-20_o5FK1ytdzB2eH5RF.webp', 'avatar-1971813431033851906', NULL, NULL, NULL, 6510, 169, 312, 0.54, 'webp', 1971813431033851906, '2025-11-20 19:56:08', '2025-11-20 19:56:08', '2025-11-20 19:56:08', 0, 1, '管理员自动过审', 1971813431033851906, '2025-11-20 19:56:08', 'https://qq-1375584552.cos.ap-guangzhou.myqcloud.com/public/1971813431033851906/2025-11-20_o5FK1ytdzB2eH5RF.webp', NULL);
INSERT INTO `picture` VALUES (1973989138267475973, 'https://qq-1375584552.cos.ap-guangzhou.myqcloud.com/public/1971813431033851906/2025-11-20_1OUxb065jGB4gQ87.webp', '970eff70-1c07-4432-a803-094b6d983d78.png', NULL, NULL, NULL, 75602, 603, 1149, 0.52, 'webp', 1971813431033851906, '2025-11-20 19:57:59', '2025-11-20 19:57:59', '2025-11-20 19:57:59', 0, 1, '管理员自动过审', 1971813431033851906, '2025-11-20 19:57:59', 'https://qq-1375584552.cos.ap-guangzhou.myqcloud.com/public/1971813431033851906/2025-11-20_1OUxb065jGB4gQ87_thumbnail.png', NULL);
INSERT INTO `picture` VALUES (1973989138267475974, 'https://qq-1375584552.cos.ap-guangzhou.myqcloud.com/public/1971813431033851906/2025-11-20_xMM19AALeoGwPlCw.webp', 'a1c747dd-d7ed-4b36-abcc-55b374284bc0.png', NULL, NULL, NULL, 134542, 644, 1175, 0.55, 'webp', 1971813431033851906, '2025-11-20 19:58:02', '2025-11-20 19:58:02', '2025-11-20 19:58:02', 0, 1, '管理员自动过审', 1971813431033851906, '2025-11-20 19:58:02', 'https://qq-1375584552.cos.ap-guangzhou.myqcloud.com/public/1971813431033851906/2025-11-20_xMM19AALeoGwPlCw_thumbnail.png', NULL);
INSERT INTO `picture` VALUES (1973989138267475975, 'https://qq-1375584552.cos.ap-guangzhou.myqcloud.com/public/1971813431033851906/2025-11-20_d4de3OHYzJ8dmnCI.webp', 'ce691001-f716-44bf-8aa0-88ef54f7279d.png', NULL, NULL, NULL, 33962, 731, 1024, 0.71, 'webp', 1971813431033851906, '2025-11-20 19:58:04', '2025-11-20 19:58:04', '2025-11-20 19:58:04', 0, 1, '管理员自动过审', 1971813431033851906, '2025-11-20 19:58:04', 'https://qq-1375584552.cos.ap-guangzhou.myqcloud.com/public/1971813431033851906/2025-11-20_d4de3OHYzJ8dmnCI_thumbnail.png', NULL);
INSERT INTO `picture` VALUES (1973989138267475976, 'https://qq-1375584552.cos.ap-guangzhou.myqcloud.com/public/1971813431033851906/2025-11-20_0ORWh2ZeA44UYw11.webp', 'avatar-1971813431033851906', NULL, NULL, NULL, 75602, 603, 1149, 0.52, 'webp', 1971813431033851906, '2025-11-20 22:01:40', '2025-11-20 22:01:40', '2025-11-20 22:01:40', 0, 1, '管理员自动过审', 1971813431033851906, '2025-11-20 22:01:40', 'https://qq-1375584552.cos.ap-guangzhou.myqcloud.com/public/1971813431033851906/2025-11-20_0ORWh2ZeA44UYw11_thumbnail.png', NULL);
INSERT INTO `picture` VALUES (1973989138267475977, 'https://qq-1375584552.cos.ap-guangzhou.myqcloud.com/public/1971813431033851906/2025-11-22_zQsOoPURqPl9vxen.webp', 'avatar-1971813431033851906', NULL, NULL, NULL, 30066, 940, 940, 1, 'webp', 1971813431033851906, '2025-11-22 22:29:15', '2025-11-22 22:29:15', '2025-11-22 22:29:15', 0, 1, '管理员自动过审', 1971813431033851906, '2025-11-22 22:29:15', 'https://qq-1375584552.cos.ap-guangzhou.myqcloud.com/public/1971813431033851906/2025-11-22_zQsOoPURqPl9vxen.webp', NULL);
INSERT INTO `picture` VALUES (1973989138267475978, 'https://qq-1375584552.cos.ap-guangzhou.myqcloud.com/public/1971813431033851906/2025-11-25_fbcCiH5V5EgrfdUw.webp', '508fbc956b40686b987045ede8f07b1f.jpg', NULL, NULL, NULL, 30066, 940, 940, 1, 'webp', 1971813431033851906, '2025-11-25 15:47:44', '2025-11-25 15:47:44', '2025-11-25 15:47:44', 0, 1, '管理员自动过审', 1971813431033851906, '2025-11-25 15:47:44', 'https://qq-1375584552.cos.ap-guangzhou.myqcloud.com/public/1971813431033851906/2025-11-25_fbcCiH5V5EgrfdUw.webp', NULL);
INSERT INTO `picture` VALUES (1973989138267475979, 'https://qq-1375584552.cos.ap-guangzhou.myqcloud.com/public/1971813431033851906/2025-11-25_3RTBIyBhOrlpRQxK.webp', '970eff70-1c07-4432-a803-094b6d983d78.png', NULL, NULL, NULL, 75602, 603, 1149, 0.52, 'webp', 1971813431033851906, '2025-11-25 15:47:49', '2025-11-25 15:47:49', '2025-11-25 15:47:49', 0, 1, '管理员自动过审', 1971813431033851906, '2025-11-25 15:47:49', 'https://qq-1375584552.cos.ap-guangzhou.myqcloud.com/public/1971813431033851906/2025-11-25_3RTBIyBhOrlpRQxK_thumbnail.png', NULL);
INSERT INTO `picture` VALUES (1973989138267475980, 'https://qq-1375584552.cos.ap-guangzhou.myqcloud.com/public/1971813431033851906/2025-11-25_pSUjqmHPo4x0EJaY.webp', 'a1c747dd-d7ed-4b36-abcc-55b374284bc0.png', NULL, NULL, NULL, 134542, 644, 1175, 0.55, 'webp', 1971813431033851906, '2025-11-25 15:47:59', '2025-11-25 15:47:59', '2025-11-25 15:47:59', 0, 1, '管理员自动过审', 1971813431033851906, '2025-11-25 15:47:59', 'https://qq-1375584552.cos.ap-guangzhou.myqcloud.com/public/1971813431033851906/2025-11-25_pSUjqmHPo4x0EJaY_thumbnail.png', NULL);
INSERT INTO `picture` VALUES (1973989138267475981, 'https://qq-1375584552.cos.ap-guangzhou.myqcloud.com/public/1971813431033851906/2025-11-25_IKW3sFZLgquRzFp1.webp', '970eff70-1c07-4432-a803-094b6d983d78.png', NULL, NULL, NULL, 75602, 603, 1149, 0.52, 'webp', 1971813431033851906, '2025-11-25 15:58:07', '2025-11-25 15:58:07', '2025-11-25 15:58:07', 0, 1, '管理员自动过审', 1971813431033851906, '2025-11-25 15:58:07', 'https://qq-1375584552.cos.ap-guangzhou.myqcloud.com/public/1971813431033851906/2025-11-25_IKW3sFZLgquRzFp1_thumbnail.png', NULL);
INSERT INTO `picture` VALUES (1973989138267475982, 'https://qq-1375584552.cos.ap-guangzhou.myqcloud.com/public/1971813431033851906/2025-11-25_TBxoEsbENM7JFZwa.webp', 'a1c747dd-d7ed-4b36-abcc-55b374284bc0.png', NULL, NULL, NULL, 134542, 644, 1175, 0.55, 'webp', 1971813431033851906, '2025-11-25 15:58:12', '2025-11-25 15:58:12', '2025-11-25 15:58:12', 0, 1, '管理员自动过审', 1971813431033851906, '2025-11-25 15:58:12', 'https://qq-1375584552.cos.ap-guangzhou.myqcloud.com/public/1971813431033851906/2025-11-25_TBxoEsbENM7JFZwa_thumbnail.png', NULL);
INSERT INTO `picture` VALUES (1973989138267475983, 'https://qq-1375584552.cos.ap-guangzhou.myqcloud.com/public/1971813431033851906/2025-11-25_fswKqDX53QTyyIGk.webp', 'ce691001-f716-44bf-8aa0-88ef54f7279d.png', NULL, NULL, NULL, 33962, 731, 1024, 0.71, 'webp', 1971813431033851906, '2025-11-25 15:58:14', '2025-11-25 15:58:14', '2025-11-25 15:58:14', 0, 1, '管理员自动过审', 1971813431033851906, '2025-11-25 15:58:14', 'https://qq-1375584552.cos.ap-guangzhou.myqcloud.com/public/1971813431033851906/2025-11-25_fswKqDX53QTyyIGk_thumbnail.png', NULL);
INSERT INTO `picture` VALUES (1973989138267475984, 'https://qq-1375584552.cos.ap-guangzhou.myqcloud.com/public/1971813431033851906/2025-11-25_Y7kOerGcfIgV2gMG.webp', '508fbc956b40686b987045ede8f07b1f.jpg', NULL, NULL, NULL, 30066, 940, 940, 1, 'webp', 1971813431033851906, '2025-11-25 18:08:19', '2025-11-25 18:08:19', '2025-11-25 18:08:19', 0, 1, '管理员自动过审', 1971813431033851906, '2025-11-25 18:08:19', 'https://qq-1375584552.cos.ap-guangzhou.myqcloud.com/public/1971813431033851906/2025-11-25_Y7kOerGcfIgV2gMG.webp', NULL);
INSERT INTO `picture` VALUES (1973989138267475985, 'https://qq-1375584552.cos.ap-guangzhou.myqcloud.com/public/1971813431033851906/2025-11-25_IEAjLFiNxhbH0iK8.webp', 'ce691001-f716-44bf-8aa0-88ef54f7279d.png', NULL, NULL, NULL, 33962, 731, 1024, 0.71, 'webp', 1971813431033851906, '2025-11-25 18:08:22', '2025-11-25 18:08:22', '2025-11-25 18:08:22', 0, 1, '管理员自动过审', 1971813431033851906, '2025-11-25 18:08:22', 'https://qq-1375584552.cos.ap-guangzhou.myqcloud.com/public/1971813431033851906/2025-11-25_IEAjLFiNxhbH0iK8_thumbnail.png', NULL);
INSERT INTO `picture` VALUES (1973989138267475986, 'https://qq-1375584552.cos.ap-guangzhou.myqcloud.com/public/1971813431033851906/2025-11-25_ebqNwaWm4rt5CKQX.webp', '1f3fdd50-b847-4dfe-93a2-8945094fbecf.png', NULL, NULL, NULL, 6510, 169, 312, 0.54, 'webp', 1971813431033851906, '2025-11-25 18:08:25', '2025-11-25 18:08:25', '2025-11-25 18:08:25', 0, 1, '管理员自动过审', 1971813431033851906, '2025-11-25 18:08:25', 'https://qq-1375584552.cos.ap-guangzhou.myqcloud.com/public/1971813431033851906/2025-11-25_ebqNwaWm4rt5CKQX.webp', NULL);
INSERT INTO `picture` VALUES (1973989138267475987, 'https://qq-1375584552.cos.ap-guangzhou.myqcloud.com/public/1971813431033851906/2025-11-25_RsbsS6dUZxRJqFnC.webp', '970eff70-1c07-4432-a803-094b6d983d78.png', NULL, NULL, NULL, 75602, 603, 1149, 0.52, 'webp', 1971813431033851906, '2025-11-25 18:16:27', '2025-11-25 18:16:27', '2025-11-25 18:16:27', 0, 1, '管理员自动过审', 1971813431033851906, '2025-11-25 18:16:27', 'https://qq-1375584552.cos.ap-guangzhou.myqcloud.com/public/1971813431033851906/2025-11-25_RsbsS6dUZxRJqFnC_thumbnail.png', NULL);
INSERT INTO `picture` VALUES (1973989138267475988, 'https://qq-1375584552.cos.ap-guangzhou.myqcloud.com/public/1971813431033851906/2025-11-25_uqI17WKQztpS7LBl.webp', 'a1c747dd-d7ed-4b36-abcc-55b374284bc0.png', NULL, NULL, NULL, 134542, 644, 1175, 0.55, 'webp', 1971813431033851906, '2025-11-25 18:16:30', '2025-11-25 18:16:30', '2025-11-25 18:16:30', 0, 1, '管理员自动过审', 1971813431033851906, '2025-11-25 18:16:30', 'https://qq-1375584552.cos.ap-guangzhou.myqcloud.com/public/1971813431033851906/2025-11-25_uqI17WKQztpS7LBl_thumbnail.png', NULL);
INSERT INTO `picture` VALUES (1973989138267475989, 'https://qq-1375584552.cos.ap-guangzhou.myqcloud.com/public/1971813431033851906/2025-11-25_zqjoI4NsiQdehxZb.webp', 'ce691001-f716-44bf-8aa0-88ef54f7279d.png', NULL, NULL, NULL, 33962, 731, 1024, 0.71, 'webp', 1971813431033851906, '2025-11-25 18:16:31', '2025-11-25 18:16:31', '2025-11-25 18:16:31', 0, 1, '管理员自动过审', 1971813431033851906, '2025-11-25 18:16:31', 'https://qq-1375584552.cos.ap-guangzhou.myqcloud.com/public/1971813431033851906/2025-11-25_zqjoI4NsiQdehxZb_thumbnail.png', NULL);
INSERT INTO `picture` VALUES (1973989138267475990, 'https://qq-1375584552.cos.ap-guangzhou.myqcloud.com/public/1971813431033851906/2025-11-25_tHQjEKLDgm80OdQP.webp', '508fbc956b40686b987045ede8f07b1f.jpg', NULL, NULL, NULL, 30066, 940, 940, 1, 'webp', 1971813431033851906, '2025-11-25 18:20:56', '2025-11-25 18:20:56', '2025-11-25 18:20:56', 0, 1, '管理员自动过审', 1971813431033851906, '2025-11-25 18:20:56', 'https://qq-1375584552.cos.ap-guangzhou.myqcloud.com/public/1971813431033851906/2025-11-25_tHQjEKLDgm80OdQP.webp', NULL);
INSERT INTO `picture` VALUES (1973989138267475991, 'https://qq-1375584552.cos.ap-guangzhou.myqcloud.com/public/1971813431033851906/2025-11-25_vyVe8uXfFe1LEtsa.webp', '970eff70-1c07-4432-a803-094b6d983d78.png', NULL, NULL, NULL, 75602, 603, 1149, 0.52, 'webp', 1971813431033851906, '2025-11-25 18:20:59', '2025-11-25 18:20:59', '2025-11-25 18:20:59', 0, 1, '管理员自动过审', 1971813431033851906, '2025-11-25 18:20:59', 'https://qq-1375584552.cos.ap-guangzhou.myqcloud.com/public/1971813431033851906/2025-11-25_vyVe8uXfFe1LEtsa_thumbnail.png', NULL);
INSERT INTO `picture` VALUES (1973989138267475992, 'https://qq-1375584552.cos.ap-guangzhou.myqcloud.com/public/1971813431033851906/2025-11-25_0UUmFt8qZsPO0vSX.webp', 'a1c747dd-d7ed-4b36-abcc-55b374284bc0.png', NULL, NULL, NULL, 134542, 644, 1175, 0.55, 'webp', 1971813431033851906, '2025-11-25 18:21:01', '2025-11-25 18:21:01', '2025-11-25 18:21:01', 0, 1, '管理员自动过审', 1971813431033851906, '2025-11-25 18:21:01', 'https://qq-1375584552.cos.ap-guangzhou.myqcloud.com/public/1971813431033851906/2025-11-25_0UUmFt8qZsPO0vSX_thumbnail.png', NULL);
INSERT INTO `picture` VALUES (1973989138267475993, 'https://qq-1375584552.cos.ap-guangzhou.myqcloud.com/public/1971813431033851906/2025-11-25_WdSNvw3ZrPxiAPwY.webp', '970eff70-1c07-4432-a803-094b6d983d78.png', NULL, NULL, NULL, 75602, 603, 1149, 0.52, 'webp', 1971813431033851906, '2025-11-25 18:21:02', '2025-11-25 18:21:02', '2025-11-25 18:21:02', 0, 1, '管理员自动过审', 1971813431033851906, '2025-11-25 18:21:02', 'https://qq-1375584552.cos.ap-guangzhou.myqcloud.com/public/1971813431033851906/2025-11-25_WdSNvw3ZrPxiAPwY_thumbnail.png', NULL);
INSERT INTO `picture` VALUES (1973989138267475994, 'https://qq-1375584552.cos.ap-guangzhou.myqcloud.com/public/1971813431033851906/2025-11-25_nsyACMOSwMbQp3ge.webp', 'ce691001-f716-44bf-8aa0-88ef54f7279d.png', NULL, NULL, NULL, 33962, 731, 1024, 0.71, 'webp', 1971813431033851906, '2025-11-25 18:21:03', '2025-11-25 18:21:03', '2025-11-25 18:21:03', 0, 1, '管理员自动过审', 1971813431033851906, '2025-11-25 18:21:03', 'https://qq-1375584552.cos.ap-guangzhou.myqcloud.com/public/1971813431033851906/2025-11-25_nsyACMOSwMbQp3ge_thumbnail.png', NULL);
INSERT INTO `picture` VALUES (1973989138267475995, 'https://qq-1375584552.cos.ap-guangzhou.myqcloud.com/public/1971813431033851906/2025-11-25_JYfNUSCjzMfLXZQr.webp', 'a1c747dd-d7ed-4b36-abcc-55b374284bc0.png', NULL, NULL, NULL, 134542, 644, 1175, 0.55, 'webp', 1971813431033851906, '2025-11-25 18:21:04', '2025-11-25 18:21:04', '2025-11-25 18:21:04', 0, 1, '管理员自动过审', 1971813431033851906, '2025-11-25 18:21:04', 'https://qq-1375584552.cos.ap-guangzhou.myqcloud.com/public/1971813431033851906/2025-11-25_JYfNUSCjzMfLXZQr_thumbnail.png', NULL);
INSERT INTO `picture` VALUES (1973989138267475996, 'https://qq-1375584552.cos.ap-guangzhou.myqcloud.com/public/1971813431033851906/2025-11-25_zMbZqOMvM38fpwOo.webp', 'ce691001-f716-44bf-8aa0-88ef54f7279d.png', NULL, NULL, NULL, 33962, 731, 1024, 0.71, 'webp', 1971813431033851906, '2025-11-25 18:21:06', '2025-11-25 18:21:06', '2025-11-25 18:21:06', 0, 1, '管理员自动过审', 1971813431033851906, '2025-11-25 18:21:06', 'https://qq-1375584552.cos.ap-guangzhou.myqcloud.com/public/1971813431033851906/2025-11-25_zMbZqOMvM38fpwOo_thumbnail.png', NULL);
INSERT INTO `picture` VALUES (1973989138267475997, 'https://qq-1375584552.cos.ap-guangzhou.myqcloud.com/public/1971813431033851906/2025-11-25_U2WvJ5BSjGu38OSJ.webp', '970eff70-1c07-4432-a803-094b6d983d78.png', NULL, NULL, NULL, 75602, 603, 1149, 0.52, 'webp', 1971813431033851906, '2025-11-25 18:22:01', '2025-11-25 18:22:01', '2025-11-25 18:22:01', 0, 1, '管理员自动过审', 1971813431033851906, '2025-11-25 18:22:01', 'https://qq-1375584552.cos.ap-guangzhou.myqcloud.com/public/1971813431033851906/2025-11-25_U2WvJ5BSjGu38OSJ_thumbnail.png', NULL);
INSERT INTO `picture` VALUES (1973989138267475998, 'https://qq-1375584552.cos.ap-guangzhou.myqcloud.com/public/1971813431033851906/2025-11-25_hLOfGcYDkiy2P7aw.webp', 'a1c747dd-d7ed-4b36-abcc-55b374284bc0.png', NULL, NULL, NULL, 134542, 644, 1175, 0.55, 'webp', 1971813431033851906, '2025-11-25 18:22:02', '2025-11-25 18:22:02', '2025-11-25 18:22:02', 0, 1, '管理员自动过审', 1971813431033851906, '2025-11-25 18:22:02', 'https://qq-1375584552.cos.ap-guangzhou.myqcloud.com/public/1971813431033851906/2025-11-25_hLOfGcYDkiy2P7aw_thumbnail.png', NULL);
INSERT INTO `picture` VALUES (1973989138267475999, 'https://qq-1375584552.cos.ap-guangzhou.myqcloud.com/public/1971813431033851906/2025-11-25_tmvpN5pgphn1dXLE.webp', 'ce691001-f716-44bf-8aa0-88ef54f7279d.png', NULL, NULL, NULL, 33962, 731, 1024, 0.71, 'webp', 1971813431033851906, '2025-11-25 18:22:03', '2025-11-25 18:22:03', '2025-11-25 18:22:03', 0, 1, '管理员自动过审', 1971813431033851906, '2025-11-25 18:22:03', 'https://qq-1375584552.cos.ap-guangzhou.myqcloud.com/public/1971813431033851906/2025-11-25_tmvpN5pgphn1dXLE_thumbnail.png', NULL);
INSERT INTO `picture` VALUES (1973989138267476000, 'https://qq-1375584552.cos.ap-guangzhou.myqcloud.com/public/1971813431033851906/2025-11-25_TuIUmrcJGXhlfner.webp', '508fbc956b40686b987045ede8f07b1f.jpg', NULL, NULL, NULL, 30066, 940, 940, 1, 'webp', 1971813431033851906, '2025-11-25 18:27:45', '2025-11-25 18:27:45', '2025-11-25 18:27:45', 0, 1, '管理员自动过审', 1971813431033851906, '2025-11-25 18:27:45', 'https://qq-1375584552.cos.ap-guangzhou.myqcloud.com/public/1971813431033851906/2025-11-25_TuIUmrcJGXhlfner.webp', NULL);
INSERT INTO `picture` VALUES (1973989138267476001, 'https://qq-1375584552.cos.ap-guangzhou.myqcloud.com/public/1971813431033851906/2025-11-25_rOkJ0D4c2NFtZb4n.webp', '970eff70-1c07-4432-a803-094b6d983d78.png', NULL, NULL, NULL, 75602, 603, 1149, 0.52, 'webp', 1971813431033851906, '2025-11-25 18:27:49', '2025-11-25 18:27:49', '2025-11-25 18:27:49', 0, 1, '管理员自动过审', 1971813431033851906, '2025-11-25 18:27:49', 'https://qq-1375584552.cos.ap-guangzhou.myqcloud.com/public/1971813431033851906/2025-11-25_rOkJ0D4c2NFtZb4n_thumbnail.png', NULL);
INSERT INTO `picture` VALUES (1973989138267476002, 'https://qq-1375584552.cos.ap-guangzhou.myqcloud.com/public/1971813431033851906/2025-11-25_d93Okuw6URwMP7jo.webp', 'a1c747dd-d7ed-4b36-abcc-55b374284bc0.png', NULL, NULL, NULL, 134542, 644, 1175, 0.55, 'webp', 1971813431033851906, '2025-11-25 18:27:52', '2025-11-25 18:27:52', '2025-11-25 18:27:52', 0, 1, '管理员自动过审', 1971813431033851906, '2025-11-25 18:27:52', 'https://qq-1375584552.cos.ap-guangzhou.myqcloud.com/public/1971813431033851906/2025-11-25_d93Okuw6URwMP7jo_thumbnail.png', NULL);

-- ----------------------------
-- Table structure for post
-- ----------------------------
DROP TABLE IF EXISTS `post`;
CREATE TABLE `post`  (
  `id` bigint NOT NULL AUTO_INCREMENT,
  `user_id` bigint NOT NULL COMMENT '发帖用户ID',
  `title` varchar(255) CHARACTER SET utf8mb4 COLLATE utf8mb4_0900_ai_ci NOT NULL COMMENT '标题',
  `content` text CHARACTER SET utf8mb4 COLLATE utf8mb4_0900_ai_ci NOT NULL COMMENT '内容',
  `cover_url` varchar(512) CHARACTER SET utf8mb4 COLLATE utf8mb4_0900_ai_ci NULL DEFAULT NULL COMMENT '封面图',
  `view_count` int NULL DEFAULT 0 COMMENT '浏览量',
  `like_count` int NULL DEFAULT 0 COMMENT '点赞数',
  `comment_count` int NULL DEFAULT 0 COMMENT '评论数',
  `status` tinyint NULL DEFAULT 1 COMMENT '状态: 1-正常, 0-删除',
  `create_time` datetime NULL DEFAULT CURRENT_TIMESTAMP,
  `update_time` datetime NULL DEFAULT CURRENT_TIMESTAMP ON UPDATE CURRENT_TIMESTAMP,
  `is_delete` tinyint NULL DEFAULT 0,
  `category_id` int NULL DEFAULT 0 COMMENT '分类ID',
  PRIMARY KEY (`id`) USING BTREE,
  INDEX `idx_user_id`(`user_id` ASC) USING BTREE,
  INDEX `idx_create_time`(`create_time` ASC) USING BTREE,
  INDEX `idx_like_count`(`like_count` ASC) USING BTREE
) ENGINE = InnoDB AUTO_INCREMENT = 792 CHARACTER SET = utf8mb4 COLLATE = utf8mb4_0900_ai_ci COMMENT = '帖子表' ROW_FORMAT = DYNAMIC;

-- ----------------------------
-- Records of post
-- ----------------------------
INSERT INTO `post` VALUES (62, 15, '从化温泉全攻略：最全泡汤指南', '详细介绍从化各大温泉度假村的特色，包含碧水湾、望谷温泉等比较...', 'https://th.bing.com/th/id/R.25db83504baa0949cad62d82d6fc61b9?rik=i1xzzKiliR17xw&riu=http%3a%2f%2fpic1.k1u.com%2fk1u%2fmb%2fd%2ffile%2f20201209%2f1607484280483654_836_10000.jpg&ehk=b9bniRzHZkbWTQgmzwkqtYOxTFm6DIiZ%2bzni9I2L9Ao%3d&risl=&pid=ImgRaw&r=0', 12500, 843, 134, 1, '2024-08-15 14:30:00', '2025-11-04 19:49:40', 0, 4);
INSERT INTO `post` VALUES (63, 42, '从化农家乐美食地图：15家必尝地道菜', '吕田炆大肉、桂峰酿豆腐、流溪大鱼头等特色菜品实测推荐...', 'https://tr-osdcp.qunarzz.com/tr_osd_tr_hy/tr-osd-tr-space-img_71fcfd880ab45621953d99ef1446843c.jpg_r_1360x1360x95_0fc12a82.jpg', 8700, 1207, 101, 1, '2024-09-22 11:20:00', '2025-11-06 20:29:16', 0, 2);
INSERT INTO `post` VALUES (64, 88, '从化石门国家森林公园摄影攻略', '四季拍摄指南：春季油菜花、夏季溪流、秋季红叶、冬季梅花...', 'https://th.bing.com/th/id/R.6bc03ed0d57cbeab064d45ab78596ef2?rik=pB4Syoj23UawjQ&riu=http%3a%2f%2fimg.pconline.com.cn%2fimages%2fupload%2fupc%2ftx%2fphotoblog%2f1403%2f25%2fc7%2f32455430_32455430_1395745608433.jpg&ehk=PLWMBs1BmGLiHWc2iVzz0tL0oVpIBGBZ%2bdZqiBUwmsc%3d&risl=&pid=ImgRaw&r=0', 21400, 3150, 290, 1, '2024-09-05 18:45:00', '2025-10-31 14:52:09', 0, 3);
INSERT INTO `post` VALUES (65, 33, '从化精品民宿测评：隐于山水间的惊喜', '测评5家特色民宿：米埗稻田小院、莲麻小镇红豆人家等...', 'https://th.bing.com/th/id/R.84cbb314b9dd0ad3aa8506158ab93bbb?rik=hsckmAC3PweDkA&riu=http%3a%2f%2f5b0988e595225.cdn.sohucs.com%2fimages%2f20180621%2f3c4de37fb6014df180f1ab0ef4444b0e.jpeg&ehk=f1HjAwunQa8rUAogTeqwV4SSEtFt%2fesMILcXbJaY35w%3d&risl=&pid=ImgRaw&r=0', 6800, 523, 76, 1, '2024-06-18 10:00:00', '2025-10-31 14:06:05', 0, 4);
INSERT INTO `post` VALUES (66, 67, '从化特产购买指南', '荔枝蜜、青梅酒、高山茶等特色手信哪里买最划算...', 'https://n.sinaimg.cn/sinakd20112/300/w1620h1080/20200526/f7f9-itzixrt4702549.jpg', 9500, 687, 112, 1, '2024-08-30 16:50:00', '2025-10-31 14:09:16', 0, 5);
INSERT INTO `post` VALUES (67, 21, '从化徒步路线推荐：天堂顶登山攻略', '广州最高峰天堂顶攀登路线、装备准备、安全注意事项...', 'https://www.go20s.com/wp-content/uploads/2025/03/1799eb7d0d44bb631f5caa4fa0bcbbc5.webp', 14200, 980, 156, 1, '2024-09-12 09:30:00', '2025-11-06 18:41:05', 0, 1);
INSERT INTO `post` VALUES (68, 56, '从化流溪河游船体验', '不同河段游船对比，黄昏夜景拍摄技巧，最佳游览时间...', 'https://th.bing.com/th/id/R.fd51d19c034a701d8cbdafe48ef4c6c1?rik=lvmIt4dDWhPszQ&riu=http%3a%2f%2f5b0988e595225.cdn.sohucs.com%2fimages%2f20190221%2f97ce93d588b94ef1a984bdac6a9afc1a.jpeg&ehk=yrl5J4U9sk8iYfvxpygxoiY%2bOK3uUPynXSay2Zfw01E%3d&risl=&pid=ImgRaw&r=0', 7300, 1542, 201, 1, '2024-07-05 14:15:00', '2025-10-31 14:10:19', 0, 1);
INSERT INTO `post` VALUES (69, 94, '从化星空观测指南', '推荐几个光污染少的地点，附星空拍摄参数设置...', 'https://cbgccdn.thecover.cn/JAuWjfzHqBHcJHcBKAg1734235188076.jpg-cgwapimg.jpg', 18300, 2450, 178, 1, '2024-08-08 21:00:00', '2025-10-31 14:10:42', 0, 3);
INSERT INTO `post` VALUES (70, 60, '从化石锅鱼专门店推荐', '多家石锅鱼店铺实测对比，汤底、鱼肉品质、价格分析...', 'https://tse1.mm.bing.net/th/id/OIP.jJANQZf3T4tHnX7y7HbwowHaFJ?rs=1&pid=ImgDetMain&o=7&rm=3', 3200, 156, 46, 1, '2024-07-30 12:16:54', '2025-11-06 17:30:48', 0, 2);
INSERT INTO `post` VALUES (71, 73, '从化历史文化探索', '广裕祠、钱岗古村等古建筑参观指南，了解从化历史...', 'https://img.phb123.com/uploads/220531/800-22053109233M34.png', 6400, 421, 67, 1, '2024-07-30 12:25:00', '2025-10-31 14:11:52', 0, 5);
INSERT INTO `post` VALUES (72, 18, '从化自行车骑行路线', '流溪绿道骑行攻略，沿途景点、补给点、租车信息...', 'https://th.bing.com/th/id/R.ec50987623446036b8aff97cb4311673?rik=BTexUbxt%2fg2s%2fQ&riu=http%3a%2f%2fc2.biketo.com%2fd%2ffile%2fnews%2fgirl%2f2016-07-18%2f6fd4cd0d7a9e213d72fa24208c8f0f20.jpg&ehk=dmeAq9s23Jw5As302xD75YfOLIp7V5ETa6N6AgTqGYg%3d&risl=&pid=ImgRaw&r=0', 7800, 598, 124, 1, '2024-08-22 08:45:00', '2025-10-31 14:14:30', 0, 1);
INSERT INTO `post` VALUES (74, 82, '从化溪头村摄影攻略', '古村落人文摄影技巧，石板路、老房子、村民生活拍摄...', 'https://img.pconline.com.cn/images/upload/upc/tx/photoblog/1308/03/c8/24100825_24100825_1375529253328.jpg', 15600, 2980, 246, 1, '2024-07-14 22:10:00', '2025-10-31 14:51:57', 0, 3);
INSERT INTO `post` VALUES (75, 37, '从化雨林瀑布拍摄技巧', '五指山、三桠塘幽谷等瀑布水流慢门拍摄参数分享...', 'https://tse1.mm.bing.net/th/id/OIP.ggu9TYLuSlfJeHYBVrEMIgHaEo?rs=1&pid=ImgDetMain&o=7&rm=3', 5500, 487, 81, 1, '2024-06-29 15:20:00', '2025-10-31 14:15:55', 0, 3);
INSERT INTO `post` VALUES (76, 64, '从化温泉酒店性价比测评', '不同价位温泉酒店对比，包含设施、服务、餐饮评价...', 'https://th.bing.com/th/id/R.605cd68b8cad3d3a1bd28e2dae4d715a?rik=NB%2fOq4V0dQMUWw&riu=http%3a%2f%2fp7.itc.cn%2fq_70%2fimages03%2f20201221%2f247b6bd67b9e4a9d96070728984b44f2.jpeg&ehk=5Vx%2fPk4zjzHXWBUVcQySqUXLYGQNRrwOltAIVzAKC%2bY%3d&risl=&pid=ImgRaw&r=0', 7200, 389, 58, 1, '2024-08-05 11:50:00', '2025-10-31 14:16:10', 0, 4);
INSERT INTO `post` VALUES (79, 29, '从化亲子游全攻略', '适合带娃的景点推荐：生态设计小镇、阿婆六茶花谷等...', 'https://tse1.mm.bing.net/th/id/OIP.PrGBYXWeIwOMiBiWhM4x4gHaE7?rs=1&pid=ImgDetMain&o=7&rm=3', 11200, 832, 93, 1, '2024-06-25 17:40:00', '2025-10-31 14:19:12', 0, 1);
INSERT INTO `post` VALUES (88, 47, '从化荔枝节游玩攻略', '最佳采摘时间、果园推荐、荔枝品种区别及购买技巧...', 'https://th.bing.com/th/id/R.c6c0607e9ceb60036018afb49fe31cad?rik=rp4pKFVn1JE76g&riu=http%3a%2f%2fimage2.sina.com.cn%2fdy%2fc%2f2004-07-09%2fU399P1T1D3655681F23DT20040709110043.jpg&ehk=Vt9oUf3syWrH1Pmn256RrbkEi7GPjXE1PAzoILRSmCo%3d&risl=&pid=ImgRaw&r=0', 9200, 1760, 189, 1, '2024-08-02 19:30:00', '2025-10-31 14:22:08', 0, 2);
INSERT INTO `post` VALUES (790, 1971813431033851906, '从化 3天 ✈️', '目的地：从化\n天数：3天\n主题：通用\n\n行程亮点：\n第1天：游览石门国家森林公园，欣赏秋季红叶与瀑布景观，漫步大岭山森林公园，呼吸清新空气\n第2天：探访流溪河国家森林公园，乘船游湖观鸟，骑行流溪绿道，感受沿河风光\n第3天：体验从化特色平价温泉（如天湖温泉或农家温泉客栈），参观钱岗古村，探寻广裕祠历史文化\n\n✨ 已生成精美回忆图，记录这次美好的旅程！\n\nTips：合理安排行程，注意安全出行。', 'https://qq-1375584552.cos.ap-guangzhou.myqcloud.com/memory-card/6/2025-11-20_38e7U43sDFAl3WF4.webp', 0, 0, 0, 1, '2025-11-20 19:58:41', '2025-11-20 19:58:41', 0, 1);
INSERT INTO `post` VALUES (791, 1971813431033851906, '新疆 3天 ✈️', '目的地：新疆\n天数：3天\n主题：通用\n\n行程亮点：\n第1天：抵达乌鲁木齐，参观国际大巴扎，体验维吾尔族市集文化，游览红山公园，俯瞰城市全景\n第2天：前往天山天池，欣赏高山湖泊与雪山倒影，徒步小天池环线，感受原始森林与清泉溪流\n第3天：驱车前往吐鲁番，探访火焰山地貌奇观，参观坎儿井水利工程，了解古代灌溉智慧\n\n✨ 已生成精美回忆图，记录这次美好的旅程！\n\nTips：合理安排行程，注意安全出行。', 'https://qq-1375584552.cos.ap-guangzhou.myqcloud.com/memory-card/12/2025-11-25_s5x5IKHsRzaAIz9Y.webp', 0, 0, 0, 1, '2025-11-25 18:29:31', '2025-11-25 18:29:31', 0, 1);

-- ----------------------------
-- Table structure for post_tag
-- ----------------------------
DROP TABLE IF EXISTS `post_tag`;
CREATE TABLE `post_tag`  (
  `id` bigint NOT NULL AUTO_INCREMENT,
  `post_id` bigint NOT NULL COMMENT '关联的帖子ID',
  `tag_id` bigint NOT NULL COMMENT '关联的标签ID',
  `create_time` datetime NULL DEFAULT CURRENT_TIMESTAMP,
  `is_delete` tinyint NOT NULL DEFAULT 0 COMMENT '是否删除',
  PRIMARY KEY (`id`) USING BTREE,
  UNIQUE INDEX `uk_post_tag`(`post_id` ASC, `tag_id` ASC) USING BTREE COMMENT '防止重复关联',
  INDEX `idx_tag_id`(`tag_id` ASC) USING BTREE COMMENT '按标签查询帖子时需要',
  INDEX `idx_is_delete`(`is_delete` ASC) USING BTREE COMMENT '软删除索引'
) ENGINE = InnoDB AUTO_INCREMENT = 44 CHARACTER SET = utf8mb4 COLLATE = utf8mb4_0900_ai_ci COMMENT = '帖子与标签的关联关系' ROW_FORMAT = DYNAMIC;

-- ----------------------------
-- Records of post_tag
-- ----------------------------
INSERT INTO `post_tag` VALUES (1, 1, 1, '2025-09-27 13:53:15', 0);
INSERT INTO `post_tag` VALUES (2, 1, 2, '2025-09-27 13:53:15', 0);
INSERT INTO `post_tag` VALUES (3, 1, 9, '2025-09-27 13:53:15', 0);
INSERT INTO `post_tag` VALUES (4, 2, 3, '2025-09-27 13:53:15', 0);
INSERT INTO `post_tag` VALUES (5, 3, 4, '2025-09-27 13:53:15', 0);
INSERT INTO `post_tag` VALUES (6, 3, 2, '2025-09-27 13:53:15', 0);
INSERT INTO `post_tag` VALUES (7, 4, 5, '2025-09-27 13:53:15', 0);
INSERT INTO `post_tag` VALUES (8, 5, 6, '2025-09-27 13:53:15', 0);
INSERT INTO `post_tag` VALUES (9, 5, 9, '2025-09-27 13:53:15', 0);
INSERT INTO `post_tag` VALUES (10, 6, 7, '2025-09-27 13:53:15', 0);
INSERT INTO `post_tag` VALUES (11, 7, 8, '2025-09-27 13:53:15', 0);
INSERT INTO `post_tag` VALUES (12, 8, 6, '2025-09-27 13:53:15', 0);
INSERT INTO `post_tag` VALUES (13, 8, 10, '2025-09-27 13:53:15', 0);
INSERT INTO `post_tag` VALUES (14, 9, 4, '2025-09-27 13:53:15', 0);
INSERT INTO `post_tag` VALUES (15, 10, 5, '2025-09-27 13:53:15', 0);
INSERT INTO `post_tag` VALUES (16, 11, 1, '2025-09-27 13:53:15', 0);
INSERT INTO `post_tag` VALUES (17, 11, 9, '2025-09-27 13:53:15', 0);
INSERT INTO `post_tag` VALUES (18, 12, 7, '2025-09-27 13:53:15', 0);
INSERT INTO `post_tag` VALUES (19, 13, 8, '2025-09-27 13:53:15', 0);
INSERT INTO `post_tag` VALUES (20, 14, 3, '2025-09-27 13:53:15', 0);
INSERT INTO `post_tag` VALUES (21, 14, 6, '2025-09-27 13:53:15', 0);
INSERT INTO `post_tag` VALUES (22, 15, 4, '2025-09-27 13:53:15', 0);
INSERT INTO `post_tag` VALUES (23, 56, 3, '2025-09-27 17:05:19', 0);
INSERT INTO `post_tag` VALUES (24, 56, 5, '2025-09-27 17:05:19', 0);
INSERT INTO `post_tag` VALUES (25, 59, 3, '2025-09-27 21:52:06', 0);
INSERT INTO `post_tag` VALUES (26, 59, 6, '2025-09-27 21:52:06', 0);
INSERT INTO `post_tag` VALUES (27, 60, 2, '2025-09-27 21:53:07', 0);
INSERT INTO `post_tag` VALUES (28, 61, 7, '2025-09-27 21:53:32', 0);
INSERT INTO `post_tag` VALUES (29, 61, 6, '2025-09-27 21:53:32', 0);
INSERT INTO `post_tag` VALUES (30, 82, 2, '2025-09-30 12:16:54', 0);
INSERT INTO `post_tag` VALUES (31, 83, 2, '2025-10-03 13:52:18', 0);
INSERT INTO `post_tag` VALUES (32, 83, 3, '2025-10-03 13:52:18', 0);
INSERT INTO `post_tag` VALUES (33, 83, 5, '2025-10-03 13:52:18', 0);
INSERT INTO `post_tag` VALUES (34, 83, 6, '2025-10-03 13:52:18', 0);
INSERT INTO `post_tag` VALUES (35, 83, 8, '2025-10-03 13:52:18', 0);
INSERT INTO `post_tag` VALUES (36, 83, 10, '2025-10-03 13:52:18', 0);
INSERT INTO `post_tag` VALUES (37, 84, 2, '2025-10-31 11:18:55', 0);
INSERT INTO `post_tag` VALUES (38, 790, 2, '2025-11-20 19:58:41', 0);
INSERT INTO `post_tag` VALUES (39, 790, 11, '2025-11-20 19:58:41', 0);
INSERT INTO `post_tag` VALUES (40, 790, 12, '2025-11-20 19:58:41', 0);
INSERT INTO `post_tag` VALUES (41, 791, 13, '2025-11-25 18:29:31', 0);
INSERT INTO `post_tag` VALUES (42, 791, 11, '2025-11-25 18:29:31', 0);
INSERT INTO `post_tag` VALUES (43, 791, 12, '2025-11-25 18:29:31', 0);

-- ----------------------------
-- Table structure for product
-- ----------------------------
DROP TABLE IF EXISTS `product`;
CREATE TABLE `product`  (
  `id` bigint NOT NULL AUTO_INCREMENT,
  `merchant_id` bigint NOT NULL COMMENT '所属商家ID',
  `name` varchar(255) CHARACTER SET utf8mb4 COLLATE utf8mb4_0900_ai_ci NOT NULL COMMENT '商品名称',
  `category_id` bigint NULL DEFAULT NULL COMMENT '关联分类ID',
  `category` varchar(100) CHARACTER SET utf8mb4 COLLATE utf8mb4_0900_ai_ci NULL DEFAULT NULL COMMENT '商品分类名称',
  `price` decimal(10, 2) NOT NULL COMMENT '价格',
  `original_price` decimal(10, 2) NULL DEFAULT NULL COMMENT '原价(用于显示折扣)',
  `cover_url` varchar(512) CHARACTER SET utf8mb4 COLLATE utf8mb4_0900_ai_ci NULL DEFAULT NULL COMMENT '商品主图',
  `images` text CHARACTER SET utf8mb4 COLLATE utf8mb4_0900_ai_ci NULL COMMENT '商品图集(JSON数组)',
  `description` text CHARACTER SET utf8mb4 COLLATE utf8mb4_0900_ai_ci NULL COMMENT '商品描述',
  `specs` text CHARACTER SET utf8mb4 COLLATE utf8mb4_0900_ai_ci NULL COMMENT '规格参数(JSON格式)',
  `stock` int NULL DEFAULT 0 COMMENT '库存',
  `sales` int NULL DEFAULT 0 COMMENT '销量',
  `status` tinyint NULL DEFAULT 1 COMMENT '状态:1-上架,0-下架',
  `is_recommend` tinyint NULL DEFAULT 0 COMMENT '是否推荐',
  `weight` decimal(10, 2) NULL DEFAULT 0.00 COMMENT '商品重量(kg)',
  `service_guarantee` varchar(255) CHARACTER SET utf8mb4 COLLATE utf8mb4_0900_ai_ci NULL DEFAULT NULL COMMENT '服务保障(JSON格式)',
  `limit_per_user` int NULL DEFAULT 0 COMMENT '每人限购数量(0表示不限购)',
  `create_time` datetime NULL DEFAULT CURRENT_TIMESTAMP,
  `update_time` datetime NULL DEFAULT CURRENT_TIMESTAMP ON UPDATE CURRENT_TIMESTAMP,
  `is_delete` tinyint NULL DEFAULT 0,
  PRIMARY KEY (`id`) USING BTREE,
  INDEX `idx_merchant_id`(`merchant_id` ASC) USING BTREE,
  INDEX `idx_category_id`(`category_id` ASC) USING BTREE,
  INDEX `idx_status`(`status` ASC) USING BTREE,
  INDEX `idx_price`(`price` ASC) USING BTREE,
  INDEX `idx_sales`(`sales` ASC) USING BTREE,
  INDEX `idx_recommend`(`is_recommend` ASC) USING BTREE,
  INDEX `idx_merchant_status`(`merchant_id` ASC, `status` ASC) USING BTREE COMMENT '商家查询商品状态组合索引'
) ENGINE = InnoDB AUTO_INCREMENT = 19 CHARACTER SET = utf8mb4 COLLATE = utf8mb4_0900_ai_ci COMMENT = '商品表' ROW_FORMAT = DYNAMIC;

-- ----------------------------
-- Records of product
-- ----------------------------
INSERT INTO `product` VALUES (1, 1, '招牌白切鸡', NULL, '招牌菜品', 68.00, 78.00, 'https://th.bing.com/th/id/OIP.abc123?w=400&h=300&rs=1&pid=ImgDetMain', '[\"https://th.bing.com/th/id/OIP.abc123?w=400&h=300&rs=1&pid=ImgDetMain\",\"https://th.bing.com/th/id/OIP.def456?w=400&h=300&rs=1&pid=ImgDetMain\"]', '选用优质三黄鸡，肉质鲜嫩，皮滑肉紧。配以秘制姜葱蘸料，回味无穷。是店内招牌菜品，深受食客喜爱。', '{\"分量\":\"半只\",\"口感\":\"鲜嫩\",\"制作工艺\":\"传统白切\"}', 50, 128, 1, 1, 0.80, '[\"现做现卖\",\"30分钟上桌\",\"不满意可退换\"]', 3, '2025-10-17 18:30:00', '2025-10-17 18:30:00', 0);
INSERT INTO `product` VALUES (2, 1, '广式蒸排骨', NULL, '招牌菜品', 58.00, 68.00, 'https://th.bing.com/th/id/OIP.xyz789?w=400&h=300&rs=1&pid=ImgDetMain', '[\"https://th.bing.com/th/id/OIP.xyz789?w=400&h=300&rs=1&pid=ImgDetMain\"]', '精选优质排骨，采用传统广式蒸制技法。肉质鲜嫩，骨香味美。搭配蒜蓉和豆豉，口感层次丰富。是粤式茶楼经典菜品。', '{\"分量\":\"大份\",\"口感\":\"鲜嫩\",\"制作工艺\":\"传统蒸制\"}', 40, 95, 1, 1, 0.60, '[\"现做现卖\",\"30分钟上桌\",\"不满意可退换\"]', 3, '2025-10-17 18:32:00', '2025-10-17 18:32:00', 0);
INSERT INTO `product` VALUES (3, 1, '腊味煲仔饭', NULL, '主食', 48.00, 58.00, 'https://th.bing.com/th/id/OIP.ghi012?w=400&h=300&rs=1&pid=ImgDetMain', '[\"https://th.bing.com/th/id/OIP.ghi012?w=400&h=300&rs=1&pid=ImgDetMain\"]', '传承广式腊味煲仔饭制作技艺。选用优质泰国香米，搭配广式腊肠、腊肉、腊鸭。饭粒干爽，锅巴香脆，腊味浓郁。', '{\"分量\":\"一人份\",\"口感\":\"香糯\",\"制作工艺\":\"传统煲制\"}', 60, 156, 1, 1, 0.50, '[\"现做现卖\",\"25分钟上桌\",\"不满意可退换\"]', 3, '2025-10-17 18:34:00', '2025-10-17 18:34:00', 0);
INSERT INTO `product` VALUES (4, 1, '蒜蓉炒青菜', NULL, '素菜', 28.00, NULL, 'https://th.bing.com/th/id/OIP.jkl345?w=400&h=300&rs=1&pid=ImgDetMain', '[\"https://th.bing.com/th/id/OIP.jkl345?w=400&h=300&rs=1&pid=ImgDetMain\"]', '选用新鲜蔬菜，配以蒜蓉快炒。保持蔬菜原味，口感清脆。是粤式菜品必备的素菜。可根据季节更换时蔬。', '{\"分量\":\"小份\",\"口感\":\"清脆\",\"制作工艺\":\"快炒\"}', 80, 89, 1, 0, 0.30, '[\"现做现卖\",\"15分钟上桌\",\"不满意可退换\"]', 0, '2025-10-17 18:36:00', '2025-10-17 18:36:00', 0);
INSERT INTO `product` VALUES (5, 2, '江景大床房', NULL, '标准间', 388.00, 488.00, 'https://th.bing.com/th/id/OIP.mno678?w=800&h=600&rs=1&pid=ImgDetMain', '[\"https://th.bing.com/th/id/OIP.mno678?w=800&h=600&rs=1&pid=ImgDetMain\",\"https://th.bing.com/th/id/OIP.pqr901?w=800&h=600&rs=1&pid=ImgDetMain\"]', '豪华江景大床房，面积35平方米。配备1.8米大床，独立阳台可俯瞰流溪河美景。提供免费WiFi、洗漱用品、矿泉水等。', '{\"房间面积\":\"35㎡\",\"床型\":\"1.8米大床\",\"楼层\":\"3-6层\",\"江景\":\"是\"}', 8, 42, 1, 1, 0.00, '[\"免费WiFi\",\"免费停车\",\"免费早餐\",\"延迟退房至14点\"]', 2, '2025-10-17 18:40:00', '2025-10-17 18:40:00', 0);
INSERT INTO `product` VALUES (6, 2, '江景双床房', NULL, '标准间', 388.00, 488.00, 'https://th.bing.com/th/id/OIP.stu234?w=800&h=600&rs=1&pid=ImgDetMain', '[\"https://th.bing.com/th/id/OIP.stu234?w=800&h=600&rs=1&pid=ImgDetMain\",\"https://th.bing.com/th/id/OIP.vwx567?w=800&h=600&rs=1&pid=ImgDetMain\"]', '舒适江景双床房，面积35平方米。配备两张1.2米单人床，适合家庭入住。独立阳台可欣赏流溪河美景。提供免费WiFi、洗漱用品等。', '{\"房间面积\":\"35㎡\",\"床型\":\"两张1.2米单人床\",\"楼层\":\"3-6层\",\"江景\":\"是\"}', 6, 28, 1, 1, 0.00, '[\"免费WiFi\",\"免费停车\",\"免费早餐\",\"延迟退房至14点\"]', 2, '2025-10-17 18:42:00', '2025-10-17 18:42:00', 0);
INSERT INTO `product` VALUES (7, 2, '河景套房', NULL, '套房', 688.00, 888.00, 'https://th.bing.com/th/id/OIP.yza890?w=800&h=600&rs=1&pid=ImgDetMain', '[\"https://th.bing.com/th/id/OIP.yza890?w=800&h=600&rs=1&pid=ImgDetMain\",\"https://th.bing.com/th/id/OIP.bcd123?w=800&h=600&rs=1&pid=ImgDetMain\"]', '豪华河景套房，面积65平方米。卧室与客厅分区，配备1.8米大床和沙发。超大落地窗，180度河景视野。含独立衣帽间、浴缸等设施。', '{\"房间面积\":\"65㎡\",\"床型\":\"1.8米大床\",\"楼层\":\"顶楼\",\"江景\":\"180度\"}', 3, 12, 1, 1, 0.00, '[\"免费WiFi\",\"免费停车\",\"免费早餐\",\"延迟退房至14点\",\"欢迎水果\",\"免费下午茶\"]', 1, '2025-10-17 18:44:00', '2025-10-17 18:44:00', 0);
INSERT INTO `product` VALUES (8, 3, '手工编织竹篮', NULL, '竹篮系列', 88.00, 118.00, 'https://th.bing.com/th/id/OIP.efg456?w=600&h=600&rs=1&pid=ImgDetMain', '[\"https://th.bing.com/th/id/OIP.efg456?w=600&h=600&rs=1&pid=ImgDetMain\",\"https://th.bing.com/th/id/OIP.hij789?w=600&h=600&rs=1&pid=ImgDetMain\"]', '采用优质楠竹手工编织，传统工艺制作。竹篮结构牢固，花纹精美。适合装水果、蔬菜、日用品等。环保天然，经久耐用。', '{\"尺寸\":\"直径35cm\",\"材质\":\"楠竹\",\"工艺\":\"手工编织\",\"重量\":\"0.5kg\"}', 45, 67, 1, 1, 0.50, '[\"纯手工制作\",\"包邮到家\",\"7天无理由退货\",\"支持定制尺寸\"]', 5, '2025-10-17 18:48:00', '2025-10-17 18:48:00', 0);
INSERT INTO `product` VALUES (9, 3, '传统竹席', NULL, '竹席系列', 268.00, 338.00, 'https://th.bing.com/th/id/OIP.klm012?w=800&h=600&rs=1&pid=ImgDetMain', '[\"https://th.bing.com/th/id/OIP.klm012?w=800&h=600&rs=1&pid=ImgDetMain\",\"https://th.bing.com/th/id/OIP.nop345?w=800&h=600&rs=1&pid=ImgDetMain\"]', '选用优质楠竹，手工编织而成。竹丝细腻，表面光滑。凉爽透气，夏季使用舒适。多种尺寸可选：1.2米、1.5米、1.8米床。', '{\"尺寸\":\"1.2米床\",\"材质\":\"楠竹\",\"工艺\":\"手工编织\",\"厚度\":\"0.5cm\",\"重量\":\"3kg\"}', 29, 45, 1, 1, 3.00, '[\"纯手工制作\",\"包邮到家\",\"7天无理由退货\",\"支持定制尺寸\",\"免费保养指导\"]', 3, '2025-10-17 18:50:00', '2025-10-17 18:50:00', 0);
INSERT INTO `product` VALUES (10, 3, '竹编装饰画', NULL, '装饰画系列', 128.00, 168.00, 'https://th.bing.com/th/id/OIP.qrs678?w=600&h=800&rs=1&pid=ImgDetMain', '[\"https://th.bing.com/th/id/OIP.qrs678?w=600&h=800&rs=1&pid=ImgDetMain\",\"https://th.bing.com/th/id/OIP.tuv901?w=600&h=800&rs=1&pid=ImgDetMain\"]', '精美的竹编装饰画，采用传统编织技法制作。图案多样：花鸟、山水、书法等。适合客厅、书房装饰。纯手工制作，独一无二。', '{\"尺寸\":\"40x60cm\",\"材质\":\"楠竹\",\"工艺\":\"手工编织\",\"图案\":\"花鸟\",\"重量\":\"0.8kg\"}', 27, 52, 1, 1, 0.80, '[\"纯手工制作\",\"包邮到家\",\"7天无理由退货\",\"支持定制图案\",\"配精美包装\"]', 2, '2025-10-17 18:52:00', '2025-10-17 18:52:00', 0);
INSERT INTO `product` VALUES (11, 4, '从化荔枝（3斤装）', NULL, '荔枝系列', 45.00, 60.00, 'https://th.bing.com/th/id/OIP.wxy234?w=600&h=600&rs=1&pid=ImgDetMain', '[\"https://th.bing.com/th/id/OIP.wxy234?w=600&h=600&rs=1&pid=ImgDetMain\",\"https://th.bing.com/th/id/OIP.zab567?w=600&h=600&rs=1&pid=ImgDetMain\"]', '正宗从化荔枝，有机种植，无农药残留。果实饱满，果肉鲜甜多汁。现摘现发，保证新鲜。支持快递配送，配送范围：珠三角地区。', '{\"重量\":\"3斤\",\"品种\":\"妃子笑\",\"产地\":\"从化本地\",\"包装\":\"精美礼盒\",\"保质期\":\"3天\"}', 200, 156, 1, 1, 1.50, '[\"有机认证\",\"现摘现发\",\"快递配送\",\"坏果包赔\",\"团购优惠\"]', 0, '2025-10-17 18:56:00', '2025-10-17 18:56:00', 0);
INSERT INTO `product` VALUES (12, 4, '新鲜龙眼（5斤装）', NULL, '龙眼系列', 68.00, 88.00, 'https://th.bing.com/th/id/OIP.cde890?w=600&h=600&rs=1&pid=ImgDetMain', '[\"https://th.bing.com/th/id/OIP.cde890?w=600&h=600&rs=1&pid=ImgDetMain\"]', '精选从化龙眼，有机种植，果实大颗。果肉晶莹剔透，口感清甜。现摘现发，新鲜直达。支持快递配送和现场采摘。', '{\"重量\":\"5斤\",\"品种\":\"石硖龙眼\",\"产地\":\"从化本地\",\"包装\":\"精美礼盒\",\"保质期\":\"5天\"}', 150, 89, 1, 0, 2.50, '[\"有机认证\",\"现摘现发\",\"快递配送\",\"坏果包赔\",\"团购优惠\"]', 0, '2025-10-17 18:58:00', '2025-10-17 18:58:00', 0);
INSERT INTO `product` VALUES (13, 4, '果园采摘体验券', NULL, '体验券', 25.00, NULL, 'https://th.bing.com/th/id/OIP.fgh123?w=600&h=600&rs=1&pid=ImgDetMain', '[\"https://th.bing.com/th/id/OIP.fgh123?w=600&h=600&rs=1&pid=ImgDetMain\",\"https://th.bing.com/th/id/OIP.ijk456?w=600&h=600&rs=1&pid=ImgDetMain\"]', '果园采摘体验券，可入园采摘并带走2斤水果。体验田园乐趣，亲近自然。适用季节：5-9月。需提前预约。包含：入园门票、采摘指导、2斤水果。', '{\"含2斤水果\":\"是\",\"适用季节\":\"5-9月\",\"有效期\":\"1个月\",\"需预约\":\"是\"}', 50, 123, 1, 1, 0.00, '[\"体验券\",\"支持预约\",\"团体优惠\",\"现场指导\",\"适合亲子\"]', 5, '2025-10-17 19:00:00', '2025-10-17 19:00:00', 0);
INSERT INTO `product` VALUES (14, 5, '流溪河日游船票', NULL, '船票', 68.00, 88.00, 'https://th.bing.com/th/id/OIP.lmn789?w=800&h=600&rs=1&pid=ImgDetMain', '[\"https://th.bing.com/th/id/OIP.lmn789?w=800&h=600&rs=1&pid=ImgDetMain\",\"https://th.bing.com/th/id/OIP.opq012?w=800&h=600&rs=1&pid=ImgDetMain\"]', '流溪河日游观光船票。行程约1.5小时，沿途欣赏山水风光。配备专业导游讲解，安全设备齐全。适合家庭出游、团建活动。', '{\"时长\":\"1.5小时\",\"路线\":\"标准路线\",\"导游\":\"配备\",\"时段\":\"08:30-17:30\"}', 100, 456, 1, 1, 0.00, '[\"安全设备齐全\",\"配备导游\",\"儿童优惠\",\"团体优惠\",\"雨天可延期\"]', 0, '2025-10-17 19:04:00', '2025-10-17 19:04:00', 0);
INSERT INTO `product` VALUES (15, 5, '流溪河夜游船票', NULL, '船票', 88.00, 108.00, 'https://th.bing.com/th/id/OIP.rst345?w=800&h=600&rs=1&pid=ImgDetMain', '[\"https://th.bing.com/th/id/OIP.rst345?w=800&h=600&rs=1&pid=ImgDetMain\",\"https://th.bing.com/th/id/OIP.uvw678?w=800&h=600&rs=1&pid=ImgDetMain\"]', '流溪河夜游观光船票。行程约2小时，欣赏夜景灯光秀。船上配有音响设备，提供小食茶水。浪漫体验，适合情侣、朋友聚会。', '{\"时长\":\"2小时\",\"路线\":\"夜景路线\",\"导游\":\"配备\",\"时段\":\"19:00-21:00\",\"灯光\":\"配备\"}', 60, 234, 1, 1, 0.00, '[\"安全设备齐全\",\"配备导游\",\"配备灯光\",\"小食茶水\",\"雨天可延期\",\"儿童优惠\"]', 0, '2025-10-17 19:06:00', '2025-10-17 19:06:00', 0);
INSERT INTO `product` VALUES (16, 5, '包船服务（3小时）', NULL, '包船服务', 680.00, 880.00, 'https://th.bing.com/th/id/OIP.xyz901?w=800&h=600&rs=1&pid=ImgDetMain', '[\"https://th.bing.com/th/id/OIP.xyz901?w=800&h=600&rs=1&pid=ImgDetMain\"]', '包船服务，适合团体出游、聚会活动。可容纳30人，时长3小时。可根据需求定制路线。含导游、茶水、小食。需提前预约。', '{\"时长\":\"3小时\",\"载客量\":\"30人\",\"路线\":\"可定制\",\"导游\":\"配备\",\"茶水\":\"配备\",\"小食\":\"配备\"}', 5, 32, 1, 0, 0.00, '[\"安全设备齐全\",\"配备导游\",\"可定制路线\",\"团体优惠\",\"需提前预约\",\"雨天可延期\"]', 1, '2025-10-17 19:08:00', '2025-10-17 19:08:00', 0);
INSERT INTO `product` VALUES (17, 12, '苹果', NULL, '', 0.10, 0.01, '', '', '', '', 1, 0, 1, 0, 0.00, '', 0, '2025-11-02 19:22:58', '2025-11-02 19:22:58', 0);
INSERT INTO `product` VALUES (18, 12, '111', NULL, '', 11.00, NULL, '', '', '', '', 0, 0, 1, 0, 0.00, '', 0, '2025-11-02 19:23:14', '2025-11-02 19:23:14', 0);

-- ----------------------------
-- Table structure for product_category
-- ----------------------------
DROP TABLE IF EXISTS `product_category`;
CREATE TABLE `product_category`  (
  `id` bigint NOT NULL AUTO_INCREMENT,
  `merchant_type` tinyint NOT NULL COMMENT '商家类型:1-美食,2-工艺品...',
  `name` varchar(100) CHARACTER SET utf8mb4 COLLATE utf8mb4_0900_ai_ci NOT NULL COMMENT '分类名称',
  `icon` varchar(255) CHARACTER SET utf8mb4 COLLATE utf8mb4_0900_ai_ci NULL DEFAULT NULL COMMENT '分类图标',
  `sort` int NULL DEFAULT 0 COMMENT '排序值',
  `create_time` datetime NULL DEFAULT CURRENT_TIMESTAMP,
  `update_time` datetime NULL DEFAULT CURRENT_TIMESTAMP ON UPDATE CURRENT_TIMESTAMP,
  PRIMARY KEY (`id`) USING BTREE,
  INDEX `idx_merchant_type`(`merchant_type` ASC) USING BTREE,
  INDEX `idx_sort`(`sort` ASC) USING BTREE
) ENGINE = InnoDB AUTO_INCREMENT = 9 CHARACTER SET = utf8mb4 COLLATE = utf8mb4_0900_ai_ci COMMENT = '商品分类表' ROW_FORMAT = DYNAMIC;

-- ----------------------------
-- Records of product_category
-- ----------------------------
INSERT INTO `product_category` VALUES (1, 1, '招牌菜品', 'signature.png', 1, '2025-10-17 18:00:00', '2025-11-17 00:18:07');
INSERT INTO `product_category` VALUES (2, 1, '主食', 'main.png', 2, '2025-10-17 18:00:00', '2025-11-17 00:18:07');
INSERT INTO `product_category` VALUES (3, 1, '素菜', 'vegetable.png', 3, '2025-10-17 18:00:00', '2025-11-17 00:18:07');
INSERT INTO `product_category` VALUES (4, 4, '标准间', 'standard.png', 1, '2025-10-17 18:00:00', '2025-11-17 00:18:07');
INSERT INTO `product_category` VALUES (5, 4, '套房', 'suite.png', 2, '2025-10-17 18:00:00', '2025-11-17 00:18:07');
INSERT INTO `product_category` VALUES (6, 2, '竹篮系列', 'basket.png', 1, '2025-10-17 18:00:00', '2025-11-17 00:18:07');
INSERT INTO `product_category` VALUES (7, 2, '竹席系列', 'mat.png', 2, '2025-10-17 18:00:00', '2025-11-17 00:18:07');
INSERT INTO `product_category` VALUES (8, 2, '装饰画系列', 'painting.png', 3, '2025-10-17 18:00:00', '2025-11-17 00:18:07');

-- ----------------------------
-- Table structure for product_review
-- ----------------------------
DROP TABLE IF EXISTS `product_review`;
CREATE TABLE `product_review`  (
  `id` bigint NOT NULL AUTO_INCREMENT,
  `product_id` bigint NOT NULL COMMENT '商品ID',
  `order_id` bigint NOT NULL COMMENT '订单ID',
  `user_id` bigint NOT NULL COMMENT '用户ID',
  `rating` tinyint NOT NULL COMMENT '评分(1-5)',
  `content` text CHARACTER SET utf8mb4 COLLATE utf8mb4_0900_ai_ci NULL COMMENT '评价内容',
  `images` text CHARACTER SET utf8mb4 COLLATE utf8mb4_0900_ai_ci NULL COMMENT '评价图片(JSON数组)',
  `is_anonymous` tinyint NULL DEFAULT 0 COMMENT '是否匿名:1-是,0-否',
  `status` tinyint NULL DEFAULT 1 COMMENT '状态:1-显示,0-隐藏',
  `create_time` datetime NULL DEFAULT CURRENT_TIMESTAMP,
  `update_time` datetime NULL DEFAULT CURRENT_TIMESTAMP ON UPDATE CURRENT_TIMESTAMP,
  PRIMARY KEY (`id`) USING BTREE,
  INDEX `idx_product_id`(`product_id` ASC) USING BTREE,
  INDEX `idx_user_id`(`user_id` ASC) USING BTREE,
  INDEX `idx_order_id`(`order_id` ASC) USING BTREE,
  INDEX `idx_rating`(`rating` ASC) USING BTREE,
  INDEX `idx_create_time`(`create_time` ASC) USING BTREE
) ENGINE = InnoDB AUTO_INCREMENT = 5 CHARACTER SET = utf8mb4 COLLATE = utf8mb4_0900_ai_ci COMMENT = '商品评价表' ROW_FORMAT = DYNAMIC;

-- ----------------------------
-- Records of product_review
-- ----------------------------
INSERT INTO `product_review` VALUES (1, 1, 3, 1971813431033851906, 5, '白切鸡非常正宗，肉质鲜嫩，强烈推荐！', '[\"review1.jpg\"]', 0, 1, '2025-11-02 12:00:00', '2025-11-17 00:17:30');
INSERT INTO `product_review` VALUES (2, 5, 3, 1971813431033851906, 4, '江景房视野很好，服务也不错', '[\"review2.jpg\"]', 0, 1, '2025-11-02 14:00:00', '2025-11-17 00:17:30');
INSERT INTO `product_review` VALUES (3, 9, 3, 1971813431033851906, 5, '竹席质量很好，夏天用很凉爽', NULL, 1, 1, '2025-11-03 10:00:00', '2025-11-17 00:17:30');
INSERT INTO `product_review` VALUES (4, 14, 4, 1971813431033851906, 4, '游船体验不错，导游讲解详细', '[\"review4.jpg\"]', 0, 1, '2025-11-04 15:00:00', '2025-11-17 00:17:30');

-- ----------------------------
-- Table structure for scenic_background
-- ----------------------------
DROP TABLE IF EXISTS `scenic_background`;
CREATE TABLE `scenic_background`  (
  `id` bigint NOT NULL AUTO_INCREMENT,
  `scenic_spot_id` bigint NOT NULL COMMENT '关联景点ID',
  `name` varchar(100) CHARACTER SET utf8mb4 COLLATE utf8mb4_0900_ai_ci NOT NULL COMMENT '背景组名称',
  `description` varchar(500) CHARACTER SET utf8mb4 COLLATE utf8mb4_0900_ai_ci NULL DEFAULT NULL COMMENT '背景组描述',
  `status` tinyint NULL DEFAULT 1 COMMENT '状态:1-启用,0-禁用',
  `is_default` tinyint(1) NULL DEFAULT 0 COMMENT '是否默认背景组',
  `create_time` datetime NULL DEFAULT CURRENT_TIMESTAMP,
  `update_time` datetime NULL DEFAULT CURRENT_TIMESTAMP ON UPDATE CURRENT_TIMESTAMP,
  `sort_order` int NULL DEFAULT 0 COMMENT '排序值',
  `cover_url` varchar(512) CHARACTER SET utf8mb4 COLLATE utf8mb4_0900_ai_ci NULL DEFAULT NULL COMMENT '背景组封面图',
  PRIMARY KEY (`id`) USING BTREE,
  INDEX `idx_scenic_spot_id`(`scenic_spot_id` ASC) USING BTREE,
  INDEX `idx_status`(`status` ASC) USING BTREE,
  INDEX `idx_is_default`(`is_default` ASC) USING BTREE,
  INDEX `idx_spot_default`(`scenic_spot_id` ASC, `is_default` ASC) USING BTREE
) ENGINE = InnoDB AUTO_INCREMENT = 6 CHARACTER SET = utf8mb4 COLLATE = utf8mb4_0900_ai_ci COMMENT = '景点背景图片组表' ROW_FORMAT = DYNAMIC;

-- ----------------------------
-- Records of scenic_background
-- ----------------------------
INSERT INTO `scenic_background` VALUES (1, 1, '默认背景组', '石门国家森林公园默认背景', 1, 1, '2025-10-01 09:00:00', '2025-10-01 09:00:00', 0, NULL);
INSERT INTO `scenic_background` VALUES (2, 1, '秋季限定', '石门红叶季专属背景', 1, 0, '2025-10-01 09:00:00', '2025-10-01 09:00:00', 0, NULL);
INSERT INTO `scenic_background` VALUES (3, 2, '流溪河默认', '流溪河国家森林公园背景', 1, 1, '2025-10-01 09:00:00', '2025-10-01 09:00:00', 0, NULL);
INSERT INTO `scenic_background` VALUES (4, 3, '温泉镇背景', '温泉度假区留言墙背景', 1, 1, '2025-10-01 09:00:00', '2025-10-01 09:00:00', 0, NULL);
INSERT INTO `scenic_background` VALUES (5, 4, '古村背景组', '钱岗古村落文化背景', 1, 1, '2025-10-01 09:00:00', '2025-10-01 09:00:00', 0, NULL);

-- ----------------------------
-- Table structure for scenic_spot
-- ----------------------------
DROP TABLE IF EXISTS `scenic_spot`;
CREATE TABLE `scenic_spot`  (
  `id` bigint NOT NULL AUTO_INCREMENT,
  `name` varchar(255) CHARACTER SET utf8mb4 COLLATE utf8mb4_unicode_ci NOT NULL COMMENT '景点名称',
  `introduction` text CHARACTER SET utf8mb4 COLLATE utf8mb4_unicode_ci NULL COMMENT '详细介绍',
  `cover_url` varchar(512) CHARACTER SET utf8mb4 COLLATE utf8mb4_unicode_ci NULL DEFAULT NULL COMMENT '封面图URL',
  `message_wall_title` varchar(255) CHARACTER SET utf8mb4 COLLATE utf8mb4_unicode_ci NULL DEFAULT NULL COMMENT '留言墙标题',
  `message_wall_description` text CHARACTER SET utf8mb4 COLLATE utf8mb4_unicode_ci NULL COMMENT '留言墙描述',
  `location` varchar(255) CHARACTER SET utf8mb4 COLLATE utf8mb4_unicode_ci NULL DEFAULT NULL COMMENT '具体位置',
  `longitude` decimal(9, 6) NULL DEFAULT NULL COMMENT '经度',
  `latitude` decimal(9, 6) NULL DEFAULT NULL COMMENT '纬度',
  `tags` varchar(512) CHARACTER SET utf8mb4 COLLATE utf8mb4_unicode_ci NULL DEFAULT NULL COMMENT '标签（JSON数组或逗号分隔）',
  `open_hours` varchar(255) CHARACTER SET utf8mb4 COLLATE utf8mb4_unicode_ci NULL DEFAULT NULL COMMENT '开放时间',
  `ticket_info` varchar(255) CHARACTER SET utf8mb4 COLLATE utf8mb4_unicode_ci NULL DEFAULT NULL COMMENT '票务信息',
  `rating` decimal(3, 1) NULL DEFAULT 0.0 COMMENT '平均评分',
  `heat_value` int NULL DEFAULT 0 COMMENT '热度值',
  `view_count` int NULL DEFAULT 0 COMMENT '浏览量',
  `create_time` datetime NULL DEFAULT CURRENT_TIMESTAMP,
  `update_time` datetime NULL DEFAULT CURRENT_TIMESTAMP ON UPDATE CURRENT_TIMESTAMP,
  `is_delete` tinyint NULL DEFAULT 0,
  PRIMARY KEY (`id`) USING BTREE,
  INDEX `idx_heat_value`(`heat_value` ASC) USING BTREE,
  INDEX `idx_rating`(`rating` ASC) USING BTREE,
  INDEX `idx_location`(`longitude` ASC, `latitude` ASC) USING BTREE
) ENGINE = InnoDB AUTO_INCREMENT = 16 CHARACTER SET = utf8mb4 COLLATE = utf8mb4_unicode_ci COMMENT = '景点/目的地信息表' ROW_FORMAT = DYNAMIC;

-- ----------------------------
-- Records of scenic_spot
-- ----------------------------
INSERT INTO `scenic_spot` VALUES (1, '白云山', '广州著名风景区，有\"羊城第一秀\"之称', 'https://pic.baike.soso.com/ugc/baikepic2/5253/20170825200953-1118380486_jpg_722_578_31139.jpg/0', NULL, NULL, '广州市白云区', 113.297000, 23.181000, '[\"登山\",\"自然\"]', NULL, NULL, 0.0, 0, 0, '2025-09-27 13:53:28', '2025-09-27 13:53:28', 0);
INSERT INTO `scenic_spot` VALUES (2, '陈家祠', '岭南建筑艺术的代表作', 'https://tse1.mm.bing.net/th/id/OIP.pSr7l6X9SASW4Pk-lW8yDQHaE6?rs=1&pid=ImgDetMain&o=7&rm=3', NULL, NULL, '广州市荔湾区', 113.244000, 23.130000, '[\"历史\",\"文化\"]', NULL, NULL, 0.0, 0, 0, '2025-09-27 13:53:28', '2025-09-27 13:53:28', 0);
INSERT INTO `scenic_spot` VALUES (3, '珠江夜游', '欣赏广州夜景的最佳方式', 'https://tse4.mm.bing.net/th/id/OIP.kXrg49kKfFOFC0zMfT5LPAHaFj?rs=1&pid=ImgDetMain&o=7&rm=3', NULL, NULL, '广州市天河区', 113.327000, 23.116000, '[\"夜景\",\"游船\"]', NULL, NULL, 0.0, 0, 0, '2025-09-27 13:53:28', '2025-09-27 13:53:28', 0);
INSERT INTO `scenic_spot` VALUES (4, '长隆欢乐世界', '大型主题游乐园', 'https://th.bing.com/th/id/R.31b8fe6d1a33a882b5eb82097d1165c8?rik=uM9s1m67AGYeUw&riu=http%3a%2f%2fwww.059517u.com%2fupfile%2f1278663940.jpg&ehk=GIwWUPpZrf5UZafDDMjlLOM9ZfVahF9%2f4lmrJvxVYaU%3d&risl=&pid=ImgRaw&r=0', NULL, NULL, '广州市番禺区', 113.315000, 22.995000, '[\"游乐场\",\"亲子\"]', NULL, NULL, 0.0, 0, 0, '2025-09-27 13:53:28', '2025-09-27 13:53:28', 0);
INSERT INTO `scenic_spot` VALUES (5, '沙面岛', '欧陆风情建筑群', 'https://img95.699pic.com/photo/50178/5024.jpg_wh860.jpg', NULL, NULL, '广州市荔湾区', 113.239000, 23.107000, '[\"历史\",\"建筑\"]', NULL, NULL, 0.0, 0, 0, '2025-09-27 13:53:28', '2025-09-27 13:53:28', 0);
INSERT INTO `scenic_spot` VALUES (6, '从化温泉', '著名温泉度假区', 'https://th.bing.com/th/id/R.5f3fe05e9be73d0159f59276740f35aa?rik=0zLCNYEwl3UQ%2bA&riu=http%3a%2f%2fwww.wenquan114.com%2fimage%2f20171227%2f20171227050215_82097.jpg&ehk=4iuStSD3b5USUDF61Htif0H8SQpQ9AAXl%2fbT1i6mZZA%3d&risl=&pid=ImgRaw&r=0', NULL, NULL, '广州市从化区', 113.587000, 23.648000, '[\"温泉\",\"度假\"]', NULL, NULL, 0.0, 0, 0, '2025-09-27 13:53:28', '2025-09-27 13:53:28', 0);
INSERT INTO `scenic_spot` VALUES (7, '越秀公园', '广州最大的公园', 'https://img1.qunarzz.com/travel/d8/1702/16/a7df7c5b782d91b5.jpg_r_640x426x70_a61cc21e.jpg', NULL, NULL, '广州市越秀区', 113.265000, 23.139000, '[\"公园\",\"休闲\"]', NULL, NULL, 0.0, 0, 0, '2025-09-27 13:53:28', '2025-09-27 13:53:28', 0);
INSERT INTO `scenic_spot` VALUES (8, '广州塔', '广州地标建筑', 'https://www.cantontower.com/res/dist/images/newsimg03.jpg', NULL, NULL, '广州市海珠区', 113.325000, 23.106000, '[\"地标\",\"现代\"]', NULL, NULL, 0.0, 0, 0, '2025-09-27 13:53:28', '2025-09-27 13:53:28', 0);
INSERT INTO `scenic_spot` VALUES (9, '岭南印象园', '体验岭南文化', 'https://qiniu-cdn0.jinxidao.com/images/productintroduction/2016/1/78570e8f38024863a4ca8fbed2c427e3.jpg', NULL, NULL, '广州市番禺区', 113.395000, 23.035000, '[\"文化\",\"民俗\"]', NULL, NULL, 0.0, 0, 0, '2025-09-27 13:53:28', '2025-09-27 13:53:28', 0);
INSERT INTO `scenic_spot` VALUES (10, '莲花山', '有古采石场遗址', 'https://youimg1.c-ctrip.com/target/0103q120006nqb0p84C92_D_10000_1200.jpg?proc=autoorient', NULL, NULL, '广州市番禺区', 113.496000, 22.999000, '[\"登山\",\"历史\"]', NULL, NULL, 0.0, 0, 0, '2025-09-27 13:53:28', '2025-09-27 13:53:28', 0);
INSERT INTO `scenic_spot` VALUES (11, '宝墨园', '岭南园林建筑', 'https://p1.ssl.qhmsg.com/t01cc677117b0cceea5.jpg', NULL, NULL, '广州市番禺区', 113.398000, 22.940000, '[\"园林\",\"文化\"]', NULL, NULL, 0.0, 0, 0, '2025-09-27 13:53:28', '2025-09-27 13:53:28', 0);
INSERT INTO `scenic_spot` VALUES (12, '南沙湿地公园', '观鸟胜地', 'https://tse3.mm.bing.net/th/id/OIP.qqp6Vo_P-IZoqbcLz9PDAgHaE8?rs=1&pid=ImgDetMain&o=7&rm=3', NULL, NULL, '广州市南沙区', 113.602000, 22.796000, '[\"自然\",\"湿地\"]', NULL, NULL, 0.0, 0, 0, '2025-09-27 13:53:28', '2025-09-27 13:53:28', 0);

-- ----------------------------
-- Table structure for space
-- ----------------------------
DROP TABLE IF EXISTS `space`;
CREATE TABLE `space`  (
  `id` bigint NOT NULL AUTO_INCREMENT COMMENT 'id',
  `space_name` varchar(128) CHARACTER SET utf8mb4 COLLATE utf8mb4_unicode_ci NULL DEFAULT NULL COMMENT '空间名称',
  `space_level` int NULL DEFAULT 0 COMMENT '空间级别：0-普通版 1-专业版 2-旗舰版',
  `max_size` bigint NULL DEFAULT 0 COMMENT '空间图片的最大总大小',
  `max_count` bigint NULL DEFAULT 0 COMMENT '空间图片的最大数量',
  `total_size` bigint NULL DEFAULT 0 COMMENT '当前空间下图片的总大小',
  `total_count` bigint NULL DEFAULT 0 COMMENT '当前空间下的图片数量',
  `user_id` bigint NOT NULL COMMENT '创建用户 id',
  `create_time` datetime NOT NULL DEFAULT CURRENT_TIMESTAMP COMMENT '创建时间',
  `edit_time` datetime NOT NULL DEFAULT CURRENT_TIMESTAMP COMMENT '编辑时间',
  `update_time` datetime NOT NULL DEFAULT CURRENT_TIMESTAMP ON UPDATE CURRENT_TIMESTAMP COMMENT '更新时间',
  `is_delete` tinyint NOT NULL DEFAULT 0 COMMENT '是否删除',
  PRIMARY KEY (`id`) USING BTREE,
  INDEX `idx_space_level`(`space_level` ASC) USING BTREE,
  INDEX `idx_space_name`(`space_name` ASC) USING BTREE,
  INDEX `idx_user_id`(`user_id` ASC) USING BTREE
) ENGINE = InnoDB AUTO_INCREMENT = 13 CHARACTER SET = utf8mb4 COLLATE = utf8mb4_unicode_ci COMMENT = '空间' ROW_FORMAT = DYNAMIC;

-- ----------------------------
-- Records of space
-- ----------------------------
INSERT INTO `space` VALUES (1, '公共空间', 0, 1073741824, 1000, 0, 0, 1, '2025-09-27 13:53:14', '2025-09-27 13:53:14', '2025-09-27 13:53:14', 0);
INSERT INTO `space` VALUES (2, '专业空间', 1, 5368709120, 5000, 0, 0, 1, '2025-09-27 13:53:14', '2025-09-27 13:53:14', '2025-09-27 13:53:14', 0);
INSERT INTO `space` VALUES (3, '旅行相册', 0, 2147483648, 2000, 0, 0, 2, '2025-09-27 13:53:14', '2025-09-27 13:53:14', '2025-09-27 13:53:14', 0);
INSERT INTO `space` VALUES (4, '美食图库', 1, 5368709120, 5000, 0, 0, 4, '2025-09-27 13:53:14', '2025-09-27 13:53:14', '2025-09-27 13:53:14', 0);
INSERT INTO `space` VALUES (5, '手工艺集', 0, 1073741824, 1000, 0, 0, 6, '2025-09-27 13:53:14', '2025-09-27 13:53:14', '2025-09-27 13:53:14', 0);
INSERT INTO `space` VALUES (6, '风景摄影', 2, 10737418240, 10000, 0, 0, 3, '2025-09-27 13:53:14', '2025-09-27 13:53:14', '2025-09-27 13:53:14', 0);
INSERT INTO `space` VALUES (7, '酒店空间', 1, 5368709120, 5000, 0, 0, 8, '2025-09-27 13:53:14', '2025-09-27 13:53:14', '2025-09-27 13:53:14', 0);
INSERT INTO `space` VALUES (8, '亲子空间', 0, 1073741824, 1000, 0, 0, 13, '2025-09-27 13:53:14', '2025-09-27 13:53:14', '2025-09-27 13:53:14', 0);
INSERT INTO `space` VALUES (9, '茶文化', 0, 1073741824, 1000, 0, 0, 12, '2025-09-27 13:53:14', '2025-09-27 13:53:14', '2025-09-27 13:53:14', 0);
INSERT INTO `space` VALUES (10, '自驾游记录', 1, 5368709120, 5000, 0, 0, 11, '2025-09-27 13:53:14', '2025-09-27 13:53:14', '2025-09-27 13:53:14', 0);
INSERT INTO `space` VALUES (11, '历史遗迹', 0, 1073741824, 1000, 0, 0, 9, '2025-09-27 13:53:14', '2025-09-27 13:53:14', '2025-09-27 13:53:14', 0);
INSERT INTO `space` VALUES (12, '温泉体验', 1, 5368709120, 5000, 0, 0, 1, '2025-09-27 13:53:14', '2025-09-27 13:53:14', '2025-09-27 13:53:14', 0);

-- ----------------------------
-- Table structure for strategy
-- ----------------------------
DROP TABLE IF EXISTS `strategy`;
CREATE TABLE `strategy`  (
  `id` bigint NOT NULL AUTO_INCREMENT,
  `title` varchar(255) CHARACTER SET utf8mb4 COLLATE utf8mb4_unicode_ci NOT NULL,
  `content` text CHARACTER SET utf8mb4 COLLATE utf8mb4_unicode_ci NOT NULL COMMENT '攻略内容（富文本）',
  `cover_url` varchar(512) CHARACTER SET utf8mb4 COLLATE utf8mb4_unicode_ci NULL DEFAULT NULL COMMENT '封面图',
  `user_id` bigint NOT NULL COMMENT '作者ID',
  `view_count` int NULL DEFAULT 0,
  `like_count` int NULL DEFAULT 0,
  `favorite_count` int NULL DEFAULT 0,
  `create_time` datetime NULL DEFAULT CURRENT_TIMESTAMP,
  `update_time` datetime NULL DEFAULT CURRENT_TIMESTAMP ON UPDATE CURRENT_TIMESTAMP,
  `is_delete` tinyint NULL DEFAULT 0,
  PRIMARY KEY (`id`) USING BTREE,
  INDEX `idx_user_id`(`user_id` ASC) USING BTREE,
  INDEX `idx_view_count`(`view_count` ASC) USING BTREE
) ENGINE = InnoDB AUTO_INCREMENT = 13 CHARACTER SET = utf8mb4 COLLATE = utf8mb4_unicode_ci COMMENT = '旅游攻略/游记表' ROW_FORMAT = DYNAMIC;

-- ----------------------------
-- Records of strategy
-- ----------------------------
INSERT INTO `strategy` VALUES (1, '广州美食攻略', '早茶推荐：点都德、陶陶居...', 'food_guide.jpg', 3, 0, 0, 0, '2025-09-27 13:53:28', '2025-09-27 13:53:28', 0);
INSERT INTO `strategy` VALUES (2, '从化温泉指南', '精选三家温泉酒店对比...', 'hotspring_guide.jpg', 1, 0, 0, 0, '2025-09-27 13:53:28', '2025-09-27 13:53:28', 0);
INSERT INTO `strategy` VALUES (3, '亲子游乐园推荐', '适合不同年龄段孩子的乐园...', 'family_guide.jpg', 13, 0, 0, 0, '2025-09-27 13:53:28', '2025-09-27 13:53:28', 0);
INSERT INTO `strategy` VALUES (4, '自驾游装备清单', '长途自驾必备物品...', 'drive_guide.jpg', 11, 0, 0, 0, '2025-09-27 13:53:28', '2025-09-27 13:53:28', 0);
INSERT INTO `strategy` VALUES (5, '广州摄影地点', '十大最佳摄影打卡点...', 'photo_guide.jpg', 2, 0, 0, 0, '2025-09-27 13:53:28', '2025-09-27 13:53:28', 0);
INSERT INTO `strategy` VALUES (6, '历史遗迹探访', '岭南文化历史遗迹指南...', 'history_guide.jpg', 9, 0, 0, 0, '2025-09-27 13:53:28', '2025-09-27 13:53:28', 0);
INSERT INTO `strategy` VALUES (7, '手工艺体验', '传统手工艺DIY工坊...', 'craft_guide.jpg', 6, 0, 0, 0, '2025-09-27 13:53:28', '2025-09-27 13:53:28', 0);
INSERT INTO `strategy` VALUES (8, '茶叶品鉴指南', '英德红茶选购与冲泡...', 'tea_guide.jpg', 12, 0, 0, 0, '2025-09-27 13:53:28', '2025-09-27 13:53:28', 0);
INSERT INTO `strategy` VALUES (9, '珠江夜游攻略', '不同游船路线对比...', 'river_guide.jpg', 1, 0, 0, 0, '2025-09-27 13:53:28', '2025-09-27 13:53:28', 0);
INSERT INTO `strategy` VALUES (10, '亲子酒店测评', '五家亲子酒店实地体验...', 'hotel_guide.jpg', 8, 0, 0, 0, '2025-09-27 13:53:28', '2025-09-27 13:53:28', 0);
INSERT INTO `strategy` VALUES (11, '广式点心制作', '在家制作正宗广式点心...', 'dimsum_guide.jpg', 4, 0, 0, 0, '2025-09-27 13:53:28', '2025-09-27 13:53:28', 0);
INSERT INTO `strategy` VALUES (12, '秋季登山路线', '广州周边登山路线推荐...', 'hiking_guide.jpg', 1, 0, 0, 0, '2025-09-27 13:53:28', '2025-09-27 13:53:28', 0);

-- ----------------------------
-- Table structure for tag
-- ----------------------------
DROP TABLE IF EXISTS `tag`;
CREATE TABLE `tag`  (
  `id` bigint NOT NULL AUTO_INCREMENT,
  `name` varchar(50) CHARACTER SET utf8mb4 COLLATE utf8mb4_0900_ai_ci NOT NULL COMMENT '标签名称（如\"温泉\"、\"从化\"）',
  `create_time` datetime NULL DEFAULT CURRENT_TIMESTAMP,
  `update_time` datetime NULL DEFAULT CURRENT_TIMESTAMP ON UPDATE CURRENT_TIMESTAMP,
  `is_delete` tinyint NULL DEFAULT 0,
  PRIMARY KEY (`id`) USING BTREE,
  UNIQUE INDEX `uk_name`(`name` ASC) USING BTREE COMMENT '确保标签名唯一'
) ENGINE = InnoDB AUTO_INCREMENT = 14 CHARACTER SET = utf8mb4 COLLATE = utf8mb4_0900_ai_ci COMMENT = '系统标签库' ROW_FORMAT = DYNAMIC;

-- ----------------------------
-- Records of tag
-- ----------------------------
INSERT INTO `tag` VALUES (1, '温泉', '2025-09-27 13:53:15', '2025-09-27 13:53:15', 0);
INSERT INTO `tag` VALUES (2, '从化', '2025-09-27 13:53:15', '2025-09-27 13:53:15', 0);
INSERT INTO `tag` VALUES (3, '手工艺', '2025-09-27 13:53:15', '2025-09-27 13:53:15', 0);
INSERT INTO `tag` VALUES (4, '摄影', '2025-09-27 13:53:15', '2025-09-27 13:53:15', 0);
INSERT INTO `tag` VALUES (5, '美食', '2025-09-27 13:53:15', '2025-09-27 13:53:15', 0);
INSERT INTO `tag` VALUES (6, '亲子', '2025-09-27 13:53:15', '2025-09-27 13:53:15', 0);
INSERT INTO `tag` VALUES (7, '自驾游', '2025-09-27 13:53:15', '2025-09-27 13:53:15', 0);
INSERT INTO `tag` VALUES (8, '历史', '2025-09-27 13:53:15', '2025-09-27 13:53:15', 0);
INSERT INTO `tag` VALUES (9, '酒店', '2025-09-27 13:53:15', '2025-09-27 13:53:15', 0);
INSERT INTO `tag` VALUES (10, '购物', '2025-09-27 13:53:15', '2025-09-27 13:53:15', 0);
INSERT INTO `tag` VALUES (11, '3天', '2025-11-20 19:58:41', '2025-11-20 19:58:41', 0);
INSERT INTO `tag` VALUES (12, '#AI生成', '2025-11-20 19:58:41', '2025-11-20 19:58:41', 0);
INSERT INTO `tag` VALUES (13, '新疆', '2025-11-25 18:29:31', '2025-11-25 18:29:31', 0);

-- ----------------------------
-- Table structure for tb_ai_usage_history
-- ----------------------------
DROP TABLE IF EXISTS `tb_ai_usage_history`;
CREATE TABLE `tb_ai_usage_history`  (
  `id` bigint NOT NULL AUTO_INCREMENT COMMENT '主键ID',
  `user_id` bigint NOT NULL COMMENT '用户ID',
  `conversation_id` bigint NULL DEFAULT NULL COMMENT '对话ID',
  `tokens_used` int NOT NULL COMMENT '使用的Token数量',
  `usage_type` varchar(50) CHARACTER SET utf8mb4 COLLATE utf8mb4_unicode_ci NOT NULL COMMENT '使用类型：chat/stream/agent',
  `request_content` text CHARACTER SET utf8mb4 COLLATE utf8mb4_unicode_ci NULL COMMENT '请求内容',
  `response_content` text CHARACTER SET utf8mb4 COLLATE utf8mb4_unicode_ci NULL COMMENT '响应内容',
  `response_time_ms` bigint NULL DEFAULT NULL COMMENT '响应时间（毫秒）',
  `is_success` tinyint NOT NULL DEFAULT 1 COMMENT '是否成功：1-成功，0-失败',
  `error_message` varchar(500) CHARACTER SET utf8mb4 COLLATE utf8mb4_unicode_ci NULL DEFAULT NULL COMMENT '错误信息',
  `create_time` datetime NOT NULL DEFAULT CURRENT_TIMESTAMP COMMENT '创建时间',
  PRIMARY KEY (`id`) USING BTREE,
  INDEX `idx_user_id`(`user_id` ASC) USING BTREE,
  INDEX `idx_conversation_id`(`conversation_id` ASC) USING BTREE,
  INDEX `idx_create_time`(`create_time` ASC) USING BTREE
) ENGINE = InnoDB AUTO_INCREMENT = 5 CHARACTER SET = utf8mb4 COLLATE = utf8mb4_unicode_ci COMMENT = 'AI使用历史记录表' ROW_FORMAT = DYNAMIC;

-- ----------------------------
-- Records of tb_ai_usage_history
-- ----------------------------
INSERT INTO `tb_ai_usage_history` VALUES (1, 1971813431033851906, 1972589342809186305, 1029, 'chat', '准备去从化玩两天，帮我规划一下', '从化两日游行程规划...', 24829, 1, NULL, '2025-09-29 17:08:43');
INSERT INTO `tb_ai_usage_history` VALUES (2, 1972994847960481793, 1972995004147974145, 156, 'chat', '如果去一天，帮我计划一下', '杭州一日游行程推荐...', 15621, 1, NULL, '2025-09-30 20:02:33');
INSERT INTO `tb_ai_usage_history` VALUES (3, 1973987306786885634, 1973987538207608834, 89, 'chat', '我是谁', '哲学问题探讨...', 3708, 1, NULL, '2025-10-03 13:44:39');
INSERT INTO `tb_ai_usage_history` VALUES (4, 1984882843034943489, 1984946301403205633, 112, 'chat', '你好啊', '从化旅游咨询引导...', 5603, 1, NULL, '2025-11-02 19:30:51');

-- ----------------------------
-- Table structure for tb_knowledge_attraction
-- ----------------------------
DROP TABLE IF EXISTS `tb_knowledge_attraction`;
CREATE TABLE `tb_knowledge_attraction`  (
  `id` bigint NOT NULL AUTO_INCREMENT COMMENT '主键ID',
  `name` varchar(100) CHARACTER SET utf8mb4 COLLATE utf8mb4_unicode_ci NOT NULL COMMENT '景点名称',
  `description` text CHARACTER SET utf8mb4 COLLATE utf8mb4_unicode_ci NULL COMMENT '景点描述',
  `category` varchar(50) CHARACTER SET utf8mb4 COLLATE utf8mb4_unicode_ci NULL DEFAULT NULL COMMENT '类型：自然/文化/温泉/美食/休闲',
  `season` varchar(50) CHARACTER SET utf8mb4 COLLATE utf8mb4_unicode_ci NULL DEFAULT NULL COMMENT '最佳季节：春/夏/秋/冬/全年',
  `suitable_for` varchar(100) CHARACTER SET utf8mb4 COLLATE utf8mb4_unicode_ci NULL DEFAULT NULL COMMENT '适合人群：家庭/情侣/老人/儿童/年轻人',
  `price_level` int NULL DEFAULT NULL COMMENT '价格等级：1-5（1=经济，5=豪华）',
  `rating` decimal(3, 1) NULL DEFAULT NULL COMMENT '评分（0-5.0）',
  `tags` json NULL COMMENT '标签',
  `address` varchar(200) CHARACTER SET utf8mb4 COLLATE utf8mb4_unicode_ci NULL DEFAULT NULL COMMENT '地址',
  `opening_hours` varchar(100) CHARACTER SET utf8mb4 COLLATE utf8mb4_unicode_ci NULL DEFAULT NULL COMMENT '营业时间',
  `ticket_price` varchar(50) CHARACTER SET utf8mb4 COLLATE utf8mb4_unicode_ci NULL DEFAULT NULL COMMENT '门票价格',
  `features` json NULL COMMENT '特色亮点',
  `created_at` timestamp NULL DEFAULT CURRENT_TIMESTAMP COMMENT '创建时间',
  `updated_at` timestamp NULL DEFAULT CURRENT_TIMESTAMP ON UPDATE CURRENT_TIMESTAMP COMMENT '更新时间',
  `is_deleted` tinyint NULL DEFAULT 0 COMMENT '是否删除（0-未删除，1-已删除）',
  PRIMARY KEY (`id`) USING BTREE,
  INDEX `idx_category`(`category` ASC) USING BTREE,
  INDEX `idx_season`(`season` ASC) USING BTREE,
  INDEX `idx_rating`(`rating` ASC) USING BTREE
) ENGINE = InnoDB AUTO_INCREMENT = 11 CHARACTER SET = utf8mb4 COLLATE = utf8mb4_unicode_ci COMMENT = '景点知识库' ROW_FORMAT = DYNAMIC;

-- ----------------------------
-- Records of tb_knowledge_attraction
-- ----------------------------
INSERT INTO `tb_knowledge_attraction` VALUES (1, '石门国家森林公园', '以森林景观为主，四季景色各异，尤其以秋日红叶著称', '自然', '全年', '家庭,情侣,老人,摄影爱好者', 2, 4.7, '[\"森林\", \"红叶\", \"徒步\", \"摄影\"]', '广州市从化区温泉镇', '08:00-18:00', '40元', '[\"秋季红叶景观\", \"千年古树\", \"天池瀑布\", \"溪流景观\"]', '2025-11-03 23:27:01', '2025-11-03 23:27:01', 0);
INSERT INTO `tb_knowledge_attraction` VALUES (2, '流溪河国家森林公园', '湖光山色，岛屿众多，适合游船和徒步', '自然', '全年', '家庭,情侣,徒步爱好者', 2, 4.6, '[\"湖泊\", \"游船\", \"徒步\", \"露营\"]', '广州市从化区良口镇', '08:30-17:30', '30元', '[\"22个岛屿\", \"流溪香雪\", \"五指山\", \"猴岛\"]', '2025-11-03 23:27:01', '2025-11-03 23:27:01', 0);
INSERT INTO `tb_knowledge_attraction` VALUES (3, '碧水湾温泉度假村', '五星级温泉度假村，拥有多种温泉池和SPA服务', '温泉', '冬季', '家庭,情侣,商务人士', 4, 4.8, '[\"温泉\", \"SPA\", \"度假\", \"五星级\"]', '广州市从化区御泉大道', '全天24小时', '168元起', '[\"33个温泉池\", \"苏打温泉\", \"禅意SPA\", \"星级服务\"]', '2025-11-03 23:27:01', '2025-11-03 23:27:01', 0);
INSERT INTO `tb_knowledge_attraction` VALUES (4, '溪头村', '被誉为\"广州最美乡村\"，适合体验农家乐和徒步', '休闲', '全年', '家庭,情侣,徒步爱好者,摄影爱好者', 1, 4.5, '[\"乡村\", \"农家乐\", \"徒步\", \"摄影\"]', '广州市从化区良口镇溪头村', '全天开放', '免费', '[\"竹海\", \"古村落\", \"农家菜\", \"清新空气\"]', '2025-11-03 23:27:01', '2025-11-03 23:27:01', 0);
INSERT INTO `tb_knowledge_attraction` VALUES (5, '千泷沟大瀑布', '壮观的大瀑布群，夏季避暑胜地', '自然', '夏季', '家庭,年轻人,探险爱好者', 2, 4.4, '[\"瀑布\", \"避暑\", \"负氧离子\", \"探险\"]', '广州市从化区良口镇', '08:00-17:00', '50元', '[\"九级瀑布\", \"空气清新\", \"峡谷景观\", \"夏季清凉\"]', '2025-11-03 23:27:01', '2025-11-03 23:27:01', 0);
INSERT INTO `tb_knowledge_attraction` VALUES (6, '温泉旅游区', '多个温泉度假村集中区域', '温泉', '冬季', '家庭,情侣,老人', 3, 4.5, '[\"温泉\", \"度假\", \"养生\", \"休闲\"]', '广州市从化区温泉镇', '全天24小时', '不等', '[\"多家温泉酒店\", \"苏打温泉\", \"养生理疗\", \"星级住宿\"]', '2025-11-03 23:27:01', '2025-11-03 23:27:01', 0);
INSERT INTO `tb_knowledge_attraction` VALUES (7, '北回归线标志塔', '地理标志性建筑，科普教育点', '文化', '全年', '家庭,儿童,学生', 1, 4.0, '[\"科普\", \"地理\", \"教育\", \"地标\"]', '广州市从化区太平镇', '09:00-17:00', '免费', '[\"地理标志\", \"科普展览\", \"观景台\", \"教育意义\"]', '2025-11-03 23:27:01', '2025-11-03 23:27:01', 0);
INSERT INTO `tb_knowledge_attraction` VALUES (8, '天湖旅游风景区', '湖光山色，适合休闲度假', '自然', '全年', '家庭,情侣,休闲度假', 2, 4.3, '[\"湖泊\", \"山景\", \"休闲\", \"度假\"]', '广州市从化区良口镇', '08:00-18:00', '35元', '[\"高山湖泊\", \"云海景观\", \"登山步道\", \"度假酒店\"]', '2025-11-03 23:27:01', '2025-11-03 23:27:01', 0);
INSERT INTO `tb_knowledge_attraction` VALUES (9, '大岭山石门', '奇特的地质景观', '自然', '全年', '探险爱好者,摄影爱好者', 1, 4.2, '[\"地质\", \"奇景\", \"探险\", \"摄影\"]', '广州市从化区温泉镇', '全天开放', '免费', '[\"石门奇观\", \"地质构造\", \"山景\", \"原生态\"]', '2025-11-03 23:27:01', '2025-11-03 23:27:01', 0);
INSERT INTO `tb_knowledge_attraction` VALUES (10, '三桠塘幽谷', '原始森林溪谷，适合探险', '自然', '春季', '年轻人,探险爱好者', 2, 4.3, '[\"溪谷\", \"探险\", \"原始森林\", \"瀑布\"]', '广州市从化区良口镇', '08:00-17:00', '30元', '[\"原始森林\", \"溪流瀑布\", \"负氧离子\", \"生态环境\"]', '2025-11-03 23:27:01', '2025-11-03 23:27:01', 0);

-- ----------------------------
-- Table structure for tb_knowledge_food
-- ----------------------------
DROP TABLE IF EXISTS `tb_knowledge_food`;
CREATE TABLE `tb_knowledge_food`  (
  `id` bigint NOT NULL AUTO_INCREMENT COMMENT '主键ID',
  `name` varchar(100) CHARACTER SET utf8mb4 COLLATE utf8mb4_unicode_ci NOT NULL COMMENT '美食名称',
  `description` text CHARACTER SET utf8mb4 COLLATE utf8mb4_unicode_ci NULL COMMENT '美食描述',
  `category` varchar(50) CHARACTER SET utf8mb4 COLLATE utf8mb4_unicode_ci NULL DEFAULT NULL COMMENT '类型：主食/小吃/特产/饮品',
  `taste` varchar(50) CHARACTER SET utf8mb4 COLLATE utf8mb4_unicode_ci NULL DEFAULT NULL COMMENT '口味：甜/咸/辣/酸/鲜',
  `price_range` varchar(50) CHARACTER SET utf8mb4 COLLATE utf8mb4_unicode_ci NULL DEFAULT NULL COMMENT '价格区间',
  `where_to_eat` text CHARACTER SET utf8mb4 COLLATE utf8mb4_unicode_ci NULL COMMENT '推荐餐厅',
  `season` varchar(50) CHARACTER SET utf8mb4 COLLATE utf8mb4_unicode_ci NULL DEFAULT NULL COMMENT '最佳季节',
  `tags` json NULL COMMENT '标签',
  `created_at` timestamp NULL DEFAULT CURRENT_TIMESTAMP COMMENT '创建时间',
  `is_deleted` tinyint NULL DEFAULT 0 COMMENT '是否删除',
  PRIMARY KEY (`id`) USING BTREE
) ENGINE = InnoDB AUTO_INCREMENT = 10 CHARACTER SET = utf8mb4 COLLATE = utf8mb4_unicode_ci COMMENT = '美食知识库' ROW_FORMAT = DYNAMIC;

-- ----------------------------
-- Records of tb_knowledge_food
-- ----------------------------
INSERT INTO `tb_knowledge_food` VALUES (1, '吕田焖大肉', '肥而不腻的传统菜肴', '主食', '咸', '50-80元/份', '吕田镇各农家乐', '全年', '[\"传统\", \"农家菜\", \"特色\"]', '2025-11-03 23:27:01', 0);
INSERT INTO `tb_knowledge_food` VALUES (2, '泥焗走地鸡', '用泥土包裹烤制的特色鸡', '主食', '鲜', '100-150元/只', '溪头村、温泉镇农家乐', '全年', '[\"特色\", \"走地鸡\", \"烤制\"]', '2025-11-03 23:27:01', 0);
INSERT INTO `tb_knowledge_food` VALUES (3, '桂峰酿豆腐', '当地豆腐制作，口感独特', '主食', '鲜咸', '30-50元/份', '桂峰村、各镇餐馆', '全年', '[\"豆腐\", \"传统\", \"家常\"]', '2025-11-03 23:27:01', 0);
INSERT INTO `tb_knowledge_food` VALUES (4, '流溪大鱼头', '流溪河水库的鲜鱼', '主食', '鲜', '80-120元/份', '流溪河畔餐馆', '全年', '[\"河鲜\", \"特色\", \"鱼头\"]', '2025-11-03 23:27:01', 0);
INSERT INTO `tb_knowledge_food` VALUES (5, '吕田芥菜', '当地特产蔬菜', '小吃', '微辣', '15-25元/份', '吕田镇、良口镇餐馆', '冬春', '[\"蔬菜\", \"特产\", \"时令\"]', '2025-11-03 23:27:01', 0);
INSERT INTO `tb_knowledge_food` VALUES (6, '山坑螺', '山涧中的螺类，味道鲜美', '小吃', '鲜辣', '30-50元/份', '各镇夜宵摊、餐馆', '全年', '[\"螺类\", \"夜宵\", \"鲜美\"]', '2025-11-03 23:27:01', 0);
INSERT INTO `tb_knowledge_food` VALUES (7, '竹筒饭', '用竹筒烹制的米饭，带有竹香', '主食', '香', '20-30元/份', '溪头村、各景区', '全年', '[\"竹香\", \"特色\", \"米饭\"]', '2025-11-03 23:27:01', 0);
INSERT INTO `tb_knowledge_food` VALUES (8, '荔枝蜜', '从化特产蜂蜜', '特产', '甜', '80-150元/斤', '各土特产店、农家', '春夏', '[\"蜂蜜\", \"特产\", \"伴手礼\"]', '2025-11-03 23:27:01', 0);
INSERT INTO `tb_knowledge_food` VALUES (9, '青梅酒', '当地酿制的果酒', '饮品', '酸甜', '50-100元/瓶', '各土特产店', '全年', '[\"果酒\", \"特产\", \"伴手礼\"]', '2025-11-03 23:27:01', 0);

-- ----------------------------
-- Table structure for tb_rate_limit_log
-- ----------------------------
DROP TABLE IF EXISTS `tb_rate_limit_log`;
CREATE TABLE `tb_rate_limit_log`  (
  `id` bigint NOT NULL AUTO_INCREMENT COMMENT '主键ID',
  `user_id` bigint NOT NULL COMMENT '用户ID',
  `api_path` varchar(200) CHARACTER SET utf8mb4 COLLATE utf8mb4_unicode_ci NOT NULL COMMENT 'API路径',
  `limiter_name` varchar(50) CHARACTER SET utf8mb4 COLLATE utf8mb4_unicode_ci NOT NULL COMMENT '限流器名称',
  `is_allowed` tinyint NOT NULL COMMENT '是否允许：1-允许，0-拒绝',
  `create_time` datetime NOT NULL DEFAULT CURRENT_TIMESTAMP COMMENT '创建时间',
  PRIMARY KEY (`id`) USING BTREE,
  INDEX `idx_user_id`(`user_id` ASC) USING BTREE,
  INDEX `idx_create_time`(`create_time` ASC) USING BTREE
) ENGINE = InnoDB AUTO_INCREMENT = 6 CHARACTER SET = utf8mb4 COLLATE = utf8mb4_unicode_ci COMMENT = 'API限流日志表' ROW_FORMAT = DYNAMIC;

-- ----------------------------
-- Records of tb_rate_limit_log
-- ----------------------------
INSERT INTO `tb_rate_limit_log` VALUES (1, 1971813431033851906, '/api/ai/chat', 'ai_chat_limiter', 1, '2025-11-01 10:00:00');
INSERT INTO `tb_rate_limit_log` VALUES (2, 1971813431033851906, '/api/ai/chat', 'ai_chat_limiter', 1, '2025-11-01 10:01:00');
INSERT INTO `tb_rate_limit_log` VALUES (3, 1973987306786885634, '/api/merchant/update', 'merchant_api_limiter', 1, '2025-11-02 14:30:00');
INSERT INTO `tb_rate_limit_log` VALUES (4, 1984882843034943489, '/api/ai/chat', 'ai_chat_limiter', 0, '2025-11-02 19:31:00');
INSERT INTO `tb_rate_limit_log` VALUES (5, 1985962880853172225, '/api/admin/audit', 'admin_api_limiter', 1, '2025-11-05 16:25:00');

-- ----------------------------
-- Table structure for tb_user_quota
-- ----------------------------
DROP TABLE IF EXISTS `tb_user_quota`;
CREATE TABLE `tb_user_quota`  (
  `id` bigint NOT NULL AUTO_INCREMENT COMMENT '主键ID',
  `user_id` bigint NOT NULL COMMENT '用户ID',
  `total_quota` int NOT NULL DEFAULT 10000 COMMENT '总配额（Token数量）',
  `used_quota` int NOT NULL DEFAULT 0 COMMENT '已使用配额',
  `remaining_quota` int NOT NULL DEFAULT 10000 COMMENT '剩余配额',
  `reset_date` date NOT NULL COMMENT '配额重置日期',
  `create_time` datetime NOT NULL DEFAULT CURRENT_TIMESTAMP COMMENT '创建时间',
  `update_time` datetime NOT NULL DEFAULT CURRENT_TIMESTAMP ON UPDATE CURRENT_TIMESTAMP COMMENT '更新时间',
  PRIMARY KEY (`id`) USING BTREE,
  UNIQUE INDEX `uk_user_id_date`(`user_id` ASC, `reset_date` ASC) USING BTREE,
  INDEX `idx_user_id`(`user_id` ASC) USING BTREE
) ENGINE = InnoDB AUTO_INCREMENT = 6 CHARACTER SET = utf8mb4 COLLATE = utf8mb4_unicode_ci COMMENT = '用户AI配额表' ROW_FORMAT = DYNAMIC;

-- ----------------------------
-- Records of tb_user_quota
-- ----------------------------
INSERT INTO `tb_user_quota` VALUES (1, 1971813431033851906, 10000, 2345, 7655, '2025-12-01', '2025-11-01 00:00:00', '2025-11-17 00:18:01');
INSERT INTO `tb_user_quota` VALUES (2, 1972994847960481793, 10000, 890, 9110, '2025-12-01', '2025-11-01 00:00:00', '2025-11-17 00:18:01');
INSERT INTO `tb_user_quota` VALUES (3, 1973987306786885634, 10000, 1567, 8433, '2025-12-01', '2025-11-01 00:00:00', '2025-11-17 00:18:01');
INSERT INTO `tb_user_quota` VALUES (4, 1984882843034943489, 10000, 234, 9766, '2025-12-01', '2025-11-01 00:00:00', '2025-11-17 00:18:01');
INSERT INTO `tb_user_quota` VALUES (5, 1985962880853172225, 10000, 567, 9433, '2025-12-01', '2025-11-01 00:00:00', '2025-11-17 00:18:01');

-- ----------------------------
-- Table structure for trip
-- ----------------------------
DROP TABLE IF EXISTS `trip`;
CREATE TABLE `trip`  (
  `id` bigint NOT NULL AUTO_INCREMENT COMMENT '主键ID',
  `user_id` bigint NOT NULL COMMENT '用户ID',
  `destination` varchar(255) CHARACTER SET utf8mb4 COLLATE utf8mb4_0900_ai_ci NOT NULL COMMENT '目的地',
  `days` int NOT NULL COMMENT '天数',
  `budget` int NULL DEFAULT NULL COMMENT '预算（元）',
  `theme` varchar(100) CHARACTER SET utf8mb4 COLLATE utf8mb4_0900_ai_ci NULL DEFAULT NULL COMMENT '主题（如：休闲、探险、文化等）',
  `start_date` datetime NULL DEFAULT NULL COMMENT '开始日期',
  `end_date` datetime NULL DEFAULT NULL COMMENT '结束日期',
  `daily_highlights` text CHARACTER SET utf8mb4 COLLATE utf8mb4_0900_ai_ci NULL COMMENT '按天亮点（JSON格式）',
  `status` varchar(20) CHARACTER SET utf8mb4 COLLATE utf8mb4_0900_ai_ci NOT NULL DEFAULT 'draft' COMMENT '状态：draft（草稿）、accepted（已接受）、completed（已完成）',
  `create_time` datetime NOT NULL DEFAULT CURRENT_TIMESTAMP COMMENT '创建时间',
  `update_time` datetime NOT NULL DEFAULT CURRENT_TIMESTAMP ON UPDATE CURRENT_TIMESTAMP COMMENT '更新时间',
  `is_delete` tinyint NOT NULL DEFAULT 0 COMMENT '是否删除（0-未删除，1-已删除）',
  `structured_data` text CHARACTER SET utf8mb4 COLLATE utf8mb4_0900_ai_ci NULL COMMENT '完整结构化数据（JSON格式）',
  PRIMARY KEY (`id`) USING BTREE,
  INDEX `idx_user_id`(`user_id` ASC) USING BTREE,
  INDEX `idx_status`(`status` ASC) USING BTREE,
  INDEX `idx_create_time`(`create_time` ASC) USING BTREE,
  INDEX `idx_is_delete`(`is_delete` ASC) USING BTREE,
  INDEX `idx_trip_structured_data`((json_length(`structured_data`)) ASC) USING BTREE
) ENGINE = InnoDB AUTO_INCREMENT = 13 CHARACTER SET = utf8mb4 COLLATE = utf8mb4_0900_ai_ci COMMENT = '行程表' ROW_FORMAT = DYNAMIC;

-- ----------------------------
-- Records of trip
-- ----------------------------
INSERT INTO `trip` VALUES (1, 1971813431033851906, '从化 欣荣宏广场', 1, 500, '', NULL, NULL, '{\"1\":[\"上午游览欣荣宏广场及周边商业街，感受从化城区生活氛围\",\"中午在广场附近品尝从化特色农家菜（推荐：吕田焖大肉、流溪鱼）\",\"下午前往流溪河国家森林公园入口区域散步，享受自然清新空气\",\"傍晚返回欣荣宏广场夜市，体验本地小吃与夜生活\"]}', 'completed', '2025-11-11 20:00:58', '2025-11-11 20:00:58', 0, NULL);
INSERT INTO `trip` VALUES (2, 1971813431033851906, '从化', 2, 1500, '自然风光与温泉养生', NULL, NULL, NULL, 'accepted', '2025-11-12 09:31:40', '2025-11-12 09:31:40', 0, '{\"destination\":\"从化\",\"days\":2,\"budget\":1500,\"theme\":\"自然风光与温泉养生\",\"dailyPlans\":[{\"day\":1,\"date\":\"2024-11-16\",\"activities\":[{\"time\":\"09:00-11:30\",\"name\":\"石门国家森林公园\",\"type\":\"attraction\",\"description\":\"被誉为‘广州香山’，秋季红叶尤为壮观，园内有原始森林、瀑布群和高山草原，适合徒步与摄影。\",\"location\":{\"address\":\"广州市从化区温泉镇石门国家森林公园\",\"coordinates\":[113.7289,23.6891]},\"estimatedCost\":40,\"tips\":[\"建议穿防滑运动鞋\",\"携带饮用水和防晒用品\",\"园区较大，可选择乘坐观光车（另收费20元）\"]},{\"time\":\"14:00-16:30\",\"name\":\"流溪河国家森林公园\",\"type\":\"attraction\",\"description\":\"广州著名的生态景区，湖光山色交相辉映，可乘船游湖或沿栈道漫步，探访梅花谷与三桠塘峡谷。\",\"location\":{\"address\":\"广州市从化区良口镇流溪河国家森林公园\",\"coordinates\":[113.8472,23.6156]},\"estimatedCost\":45,\"tips\":[\"公园内温差较大，建议带薄外套\",\"周末游客较多，建议错峰入园\"]}],\"meals\":[{\"time\":\"12:00-13:00\",\"type\":\"lunch\",\"recommendation\":\"吕田镇农家菜馆 - 推荐吕田焖大肉、山水豆腐、竹筒饭\",\"estimatedCost\":70},{\"time\":\"18:30-19:30\",\"type\":\"dinner\",\"recommendation\":\"温泉镇粤式餐厅 - 尝试从化五指毛桃炖鸡、清蒸水库鱼\",\"estimatedCost\":80}]},{\"day\":2,\"date\":\"2024-11-17\",\"activities\":[{\"time\":\"09:30-11:30\",\"name\":\"北回归线标志塔公园\",\"type\":\"attraction\",\"description\":\"了解地理知识的同时欣赏园林景观，每年夏至正午太阳直射，立竿无影，极具科普意义。\",\"location\":{\"address\":\"从化区太平镇北回归线标志塔公园\",\"coordinates\":[113.5785,23.5487]},\"estimatedCost\":0,\"tips\":[\"免费开放，适合家庭亲子游\",\"早晨光线好，适合拍照\"]},{\"time\":\"13:00-16:00\",\"name\":\"从化温泉度假区泡温泉\",\"type\":\"relaxation\",\"description\":\"体验富含矿物质的天然温泉，缓解疲劳，提升旅行舒适度。推荐选择含多种功能池的温泉酒店公共区域。\",\"location\":{\"address\":\"从化温泉镇温泉东路\",\"coordinates\":[113.7321,23.6905]},\"estimatedCost\":120,\"tips\":[\"自带泳衣毛巾更卫生\",\"避免空腹或饱食后立即泡汤\",\"注意补充水分\"]}],\"meals\":[{\"time\":\"12:00-13:00\",\"type\":\"lunch\",\"recommendation\":\"温泉镇本地茶楼 - 品尝广式早茶点心，如虾饺、凤爪、肠粉\",\"estimatedCost\":60}]}],\"accommodation\":{\"night1\":{\"name\":\"从化温泉镇精品民宿\",\"type\":\"hotel\",\"address\":\"从化区温泉镇温泉东路88号\",\"checkInTime\":\"15:00\",\"checkOutTime\":\"12:00\",\"pricePerNight\":400,\"features\":[\"含早餐\",\"提供免费停车\",\"部分房间带私汤\"]},\"night2\":\"无（次日返程）\"},\"totalEstimatedCost\":1465,\"costBreakdown\":{\"attractions\":105,\"meals\":210,\"accommodation\":400,\"transportation\":350,\"miscellaneous\":400},\"tips\":[\"建议自驾出行，从化各景点间距离较远，公共交通不便\",\"提前通过官方公众号预约景区门票，避免排队\",\"秋冬季节早晚温差大，需准备保暖衣物\",\"温泉泡浴时间每次不超过20分钟，注意身体反应\",\"保护环境，请勿在森林公园内乱扔垃圾\"],\"transportationNotes\":\"广州市区出发约1.5小时车程；若非自驾，可乘坐地铁14号线至从化客运站，再转乘公交或打车前往各景点（费用较高且耗时较长）。\"}');
INSERT INTO `trip` VALUES (3, 1971813431033851906, '从化', 2, 1500, '自然风光与温泉养生', NULL, NULL, '{\"1\":[\"09:00-11:30 石门国家森林公园：被誉为‘广州香山’，秋季红叶尤为壮观，园内有原始森林、瀑布群和高山草原，适合徒步与摄影。\",\"14:00-16:30 流溪河国家森林公园：广州著名的生态景区，湖光山色交相辉映，可乘船游湖或沿栈道漫步，探访梅花谷与三桠塘峡谷。\",\"12:00-13:00 午餐：吕田镇农家菜馆 - 推荐吕田焖大肉、山水豆腐、竹筒饭\",\"18:30-19:30 晚餐：温泉镇粤式餐厅 - 尝试从化五指毛桃炖鸡、清蒸水库鱼\"],\"2\":[\"09:30-11:30 北回归线标志塔公园：了解地理知识的同时欣赏园林景观，每年夏至正午太阳直射，立竿无影，极具科普意义。\",\"13:00-16:00 从化温泉度假区泡温泉：体验富含矿物质的天然温泉，缓解疲劳，提升旅行舒适度。推荐选择含多种功能池的温泉酒店公共区域。\",\"12:00-13:00 午餐：温泉镇本地茶楼 - 品尝广式早茶点心，如虾饺、凤爪、肠粉\"]}', 'accepted', '2025-11-12 09:41:36', '2025-11-12 09:41:36', 0, '{\"destination\":\"从化\",\"days\":2,\"budget\":1500,\"theme\":\"自然风光与温泉养生\",\"dailyPlans\":[{\"day\":1,\"date\":\"2024-11-16\",\"activities\":[{\"time\":\"09:00-11:30\",\"name\":\"石门国家森林公园\",\"type\":\"attraction\",\"description\":\"被誉为‘广州香山’，秋季红叶尤为壮观，园内有原始森林、瀑布群和高山草原，适合徒步与摄影。\",\"location\":{\"address\":\"广州市从化区温泉镇石门国家森林公园\",\"coordinates\":[113.7289,23.6891]},\"estimatedCost\":40,\"tips\":[\"建议穿防滑运动鞋\",\"携带饮用水和防晒用品\",\"园区较大，可选择乘坐观光车（另收费20元）\"]},{\"time\":\"14:00-16:30\",\"name\":\"流溪河国家森林公园\",\"type\":\"attraction\",\"description\":\"广州著名的生态景区，湖光山色交相辉映，可乘船游湖或沿栈道漫步，探访梅花谷与三桠塘峡谷。\",\"location\":{\"address\":\"广州市从化区良口镇流溪河国家森林公园\",\"coordinates\":[113.8472,23.6156]},\"estimatedCost\":45,\"tips\":[\"公园内温差较大，建议带薄外套\",\"周末游客较多，建议错峰入园\"]}],\"meals\":[{\"time\":\"12:00-13:00\",\"type\":\"lunch\",\"recommendation\":\"吕田镇农家菜馆 - 推荐吕田焖大肉、山水豆腐、竹筒饭\",\"estimatedCost\":70},{\"time\":\"18:30-19:30\",\"type\":\"dinner\",\"recommendation\":\"温泉镇粤式餐厅 - 尝试从化五指毛桃炖鸡、清蒸水库鱼\",\"estimatedCost\":80}]},{\"day\":2,\"date\":\"2024-11-17\",\"activities\":[{\"time\":\"09:30-11:30\",\"name\":\"北回归线标志塔公园\",\"type\":\"attraction\",\"description\":\"了解地理知识的同时欣赏园林景观，每年夏至正午太阳直射，立竿无影，极具科普意义。\",\"location\":{\"address\":\"从化区太平镇北回归线标志塔公园\",\"coordinates\":[113.5785,23.5487]},\"estimatedCost\":0,\"tips\":[\"免费开放，适合家庭亲子游\",\"早晨光线好，适合拍照\"]},{\"time\":\"13:00-16:00\",\"name\":\"从化温泉度假区泡温泉\",\"type\":\"relaxation\",\"description\":\"体验富含矿物质的天然温泉，缓解疲劳，提升旅行舒适度。推荐选择含多种功能池的温泉酒店公共区域。\",\"location\":{\"address\":\"从化温泉镇温泉东路\",\"coordinates\":[113.7321,23.6905]},\"estimatedCost\":120,\"tips\":[\"自带泳衣毛巾更卫生\",\"避免空腹或饱食后立即泡汤\",\"注意补充水分\"]}],\"meals\":[{\"time\":\"12:00-13:00\",\"type\":\"lunch\",\"recommendation\":\"温泉镇本地茶楼 - 品尝广式早茶点心，如虾饺、凤爪、肠粉\",\"estimatedCost\":60}]}],\"accommodation\":{\"night1\":{\"name\":\"从化温泉镇精品民宿\",\"type\":\"hotel\",\"address\":\"从化区温泉镇温泉东路88号\",\"checkInTime\":\"15:00\",\"checkOutTime\":\"12:00\",\"pricePerNight\":400,\"features\":[\"含早餐\",\"提供免费停车\",\"部分房间带私汤\"]},\"night2\":\"无（次日返程）\"},\"totalEstimatedCost\":1465,\"costBreakdown\":{\"attractions\":105,\"meals\":210,\"accommodation\":400,\"transportation\":350,\"miscellaneous\":400},\"tips\":[\"建议自驾出行，从化各景点间距离较远，公共交通不便\",\"提前通过官方公众号预约景区门票，避免排队\",\"秋冬季节早晚温差大，需准备保暖衣物\",\"温泉泡浴时间每次不超过20分钟，注意身体反应\",\"保护环境，请勿在森林公园内乱扔垃圾\"],\"transportationNotes\":\"广州市区出发约1.5小时车程；若非自驾，可乘坐地铁14号线至从化客运站，再转乘公交或打车前往各景点（费用较高且耗时较长）。\"}');
INSERT INTO `trip` VALUES (4, 1971813431033851906, '从化', 3, NULL, '', NULL, NULL, '{\"1\":[\"游览石门国家森林公园\",\"观赏秋天的红叶林与峡谷风光\",\"徒步九曲溪栈道\"],\"2\":[\"参观流溪河国家森林公园\",\"乘船游流溪湖\",\"登顶三桠塘幽谷探险\"],\"3\":[\"体验碧水湾温泉度假村\",\"享受多种功效温泉池\",\"返程前品尝从化农家菜\"]}', 'accepted', '2025-11-18 17:28:37', '2025-11-18 17:28:37', 0, NULL);
INSERT INTO `trip` VALUES (5, 1971813431033851906, '从化', 3, 200, '', NULL, NULL, '{\"1\":[\"游览流溪河国家森林公园（外围步道免费）\",\"骑行温泉镇沿河绿道\"],\"2\":[\"探访钱岗古村（免费开放）\",\"漫步三百洞生态度假区外围山林小径\"],\"3\":[\"参观从化农耕文化园（免费）\",\"在街口市场品尝本地小吃并采购特产\"]}', 'completed', '2025-11-18 18:54:15', '2025-11-18 18:54:15', 0, NULL);
INSERT INTO `trip` VALUES (6, 1971813431033851906, '从化', 3, 600, '', '2025-11-22 08:00:00', '2025-11-24 08:00:00', '{\"1\":[\"游览石门国家森林公园，欣赏秋季红叶与瀑布景观\",\"漫步大岭山森林公园，呼吸清新空气\"],\"2\":[\"探访流溪河国家森林公园，乘船游湖观鸟\",\"骑行流溪绿道，感受沿河风光\"],\"3\":[\"体验从化特色平价温泉（如天湖温泉或农家温泉客栈）\",\"参观钱岗古村，探寻广裕祠历史文化\"]}', 'accepted', '2025-11-20 18:33:42', '2025-11-20 18:33:42', 0, NULL);
INSERT INTO `trip` VALUES (7, 1971813431033851906, '从化', 3, 666, '', NULL, NULL, '{\"1\":[\"游览石门国家森林公园，欣赏秋季花海与红叶\",\"徒步九公里环线，探访石门瀑布与原始森林\"],\"2\":[\"参观流溪河国家森林公园，乘船游湖观岛屿\",\"骑行流溪绿道，体验沿河风光与农家乐午餐\"],\"3\":[\"泡从化温泉镇平价温泉（如大金峰温泉或工薪疗养院）\",\"漫步温泉广场，购买当地土特产如桂味荔枝干、蜂蜜\"]}', 'accepted', '2025-11-25 15:47:23', '2025-11-25 15:47:23', 0, NULL);
INSERT INTO `trip` VALUES (8, 1971813431033851906, '北京', 1, 1000, '', NULL, NULL, '{\"1\":[\"参观天安门广场，观看升旗仪式（如早到），感受国家象征的庄严氛围\",\"游览世界最大宫殿建筑群——故宫博物院，深入了解明清皇家历史与文化\",\"登景山公园万春亭，俯瞰故宫全景与北京中轴线\",\"漫步什刹海风景区，体验老北京胡同文化，品尝特色小吃如糖葫芦、豆汁儿焦圈\",\"傍晚在后海欣赏日落，可选择免费沿湖步道或性价比高的茶馆休憩\"]}', 'accepted', '2025-11-25 15:57:47', '2025-11-25 15:57:47', 0, NULL);
INSERT INTO `trip` VALUES (9, 1971813431033851906, '上海', 1, 2000, '', NULL, NULL, '{\"1\":[\"游览外滩，欣赏黄浦江两岸历史建筑与陆家嘴摩天大楼的交汇景观\",\"漫步南京路步行街，体验繁华商业氛围并品尝本地小吃\",\"探访豫园及城隍庙，感受明代古典园林与传统市集文化\",\"登顶上海中心大厦观光厅（118层），俯瞰全城壮丽景色\",\"傍晚乘坐黄浦江游船，欣赏两岸璀璨夜景\"]}', 'accepted', '2025-11-25 18:07:59', '2025-11-25 18:07:59', 0, NULL);
INSERT INTO `trip` VALUES (10, 1971813431033851906, '魔都', 1, 1000, '', NULL, NULL, '{\"1\":[\"游览外滩，欣赏黄浦江两岸历史建筑与陆家嘴现代天际线\",\"漫步南京路步行街，体验繁华商业氛围并品尝特色小吃\",\"探访豫园和城隍庙，感受江南古典园林与民俗文化\",\"登顶上海中心大厦观光厅（118层），俯瞰魔都全景\",\"夜游黄浦江，观赏两岸灯光璀璨的夜景\"]}', 'accepted', '2025-11-25 18:16:10', '2025-11-25 18:16:10', 0, NULL);
INSERT INTO `trip` VALUES (11, 1971813431033851906, '天龙人', 4, 22222, '', NULL, NULL, '{\"1\":[\"抵达天龙圣域·云顶迎宾馆，由白袍仪仗队举行净心仪式\",\"夜宿悬浮于悬崖之上的透明穹顶水晶宫，俯瞰星河\"],\"2\":[\"探访千年禁地‘龙语石林’，聆听古老祭司吟诵天龙密文\",\"乘坐金鳞飞舟穿越‘九重雾渊’，观赏空中瀑布奇景\"],\"3\":[\"参与‘星辰宴’——由七位御厨联合呈献的十二道灵食材盛宴\",\"在‘镜湖之心’进行冥想仪式，体验与远古天龙意识共鸣\"],\"4\":[\"获赠‘龙血玉玺’信物，签署《天龙盟约》成为荣誉族裔\",\"乘彩虹气流舱返回凡界，途中享用云端告别茶会\"]}', 'accepted', '2025-11-25 18:21:49', '2025-11-25 18:21:49', 0, NULL);
INSERT INTO `trip` VALUES (12, 1971813431033851906, '新疆', 3, 11111, '', NULL, NULL, '{\"1\":[\"抵达乌鲁木齐，参观国际大巴扎，体验维吾尔族市集文化\",\"游览红山公园，俯瞰城市全景\"],\"2\":[\"前往天山天池，欣赏高山湖泊与雪山倒影\",\"徒步小天池环线，感受原始森林与清泉溪流\"],\"3\":[\"驱车前往吐鲁番，探访火焰山地貌奇观\",\"参观坎儿井水利工程，了解古代灌溉智慧\"]}', 'accepted', '2025-11-25 18:27:18', '2025-11-25 18:27:18', 0, NULL);

-- ----------------------------
-- Table structure for trip_photo
-- ----------------------------
DROP TABLE IF EXISTS `trip_photo`;
CREATE TABLE `trip_photo`  (
  `id` bigint NOT NULL AUTO_INCREMENT COMMENT '主键ID',
  `trip_id` bigint NOT NULL COMMENT '行程ID',
  `photo_url` varchar(512) CHARACTER SET utf8mb4 COLLATE utf8mb4_0900_ai_ci NOT NULL COMMENT '照片URL',
  `shot_time` datetime NULL DEFAULT NULL COMMENT '拍摄时间（可选）',
  `description` varchar(500) CHARACTER SET utf8mb4 COLLATE utf8mb4_0900_ai_ci NULL DEFAULT NULL COMMENT '照片描述（可选）',
  `sort_order` int NOT NULL DEFAULT 0 COMMENT '排序顺序',
  `create_time` datetime NOT NULL DEFAULT CURRENT_TIMESTAMP COMMENT '创建时间',
  `update_time` datetime NOT NULL DEFAULT CURRENT_TIMESTAMP ON UPDATE CURRENT_TIMESTAMP COMMENT '更新时间',
  `is_delete` tinyint NOT NULL DEFAULT 0 COMMENT '是否删除（0-未删除，1-已删除）',
  PRIMARY KEY (`id`) USING BTREE,
  INDEX `idx_trip_id`(`trip_id` ASC) USING BTREE,
  INDEX `idx_sort_order`(`sort_order` ASC) USING BTREE,
  INDEX `idx_is_delete`(`is_delete` ASC) USING BTREE
) ENGINE = InnoDB AUTO_INCREMENT = 25 CHARACTER SET = utf8mb4 COLLATE = utf8mb4_0900_ai_ci COMMENT = '行程照片表' ROW_FORMAT = DYNAMIC;

-- ----------------------------
-- Records of trip_photo
-- ----------------------------
INSERT INTO `trip_photo` VALUES (1, 1, 'https://qq-1375584552.cos.ap-guangzhou.myqcloud.com/public/1971813431033851906/2025-11-11_6vR4rBkdUSPNi0ad.webp', '2025-11-11 20:01:40', NULL, 1, '2025-11-11 20:01:40', '2025-11-11 20:01:40', 0);
INSERT INTO `trip_photo` VALUES (2, 1, 'https://qq-1375584552.cos.ap-guangzhou.myqcloud.com/public/1971813431033851906/2025-11-11_EYtYzuPtMkN0r8fk.webp', '2025-11-11 20:01:40', NULL, 2, '2025-11-11 20:01:40', '2025-11-11 20:01:40', 0);
INSERT INTO `trip_photo` VALUES (3, 1, 'https://qq-1375584552.cos.ap-guangzhou.myqcloud.com/public/1971813431033851906/2025-11-11_r0iHtOSztFWwPpv7.webp', '2025-11-11 20:01:40', NULL, 3, '2025-11-11 20:01:40', '2025-11-11 20:01:40', 0);
INSERT INTO `trip_photo` VALUES (4, 6, 'https://qq-1375584552.cos.ap-guangzhou.myqcloud.com/public/1971813431033851906/2025-11-20_1OUxb065jGB4gQ87.webp', '2025-11-20 19:58:06', NULL, 1, '2025-11-20 19:58:06', '2025-11-20 19:58:06', 0);
INSERT INTO `trip_photo` VALUES (5, 6, 'https://qq-1375584552.cos.ap-guangzhou.myqcloud.com/public/1971813431033851906/2025-11-20_xMM19AALeoGwPlCw.webp', '2025-11-20 19:58:06', NULL, 2, '2025-11-20 19:58:06', '2025-11-20 19:58:06', 0);
INSERT INTO `trip_photo` VALUES (6, 6, 'https://qq-1375584552.cos.ap-guangzhou.myqcloud.com/public/1971813431033851906/2025-11-20_d4de3OHYzJ8dmnCI.webp', '2025-11-20 19:58:06', NULL, 3, '2025-11-20 19:58:06', '2025-11-20 19:58:06', 0);
INSERT INTO `trip_photo` VALUES (7, 7, 'https://qq-1375584552.cos.ap-guangzhou.myqcloud.com/public/1971813431033851906/2025-11-25_fbcCiH5V5EgrfdUw.webp', '2025-11-25 15:48:02', NULL, 1, '2025-11-25 15:48:02', '2025-11-25 15:48:02', 0);
INSERT INTO `trip_photo` VALUES (8, 7, 'https://qq-1375584552.cos.ap-guangzhou.myqcloud.com/public/1971813431033851906/2025-11-25_3RTBIyBhOrlpRQxK.webp', '2025-11-25 15:48:02', NULL, 2, '2025-11-25 15:48:02', '2025-11-25 15:48:02', 0);
INSERT INTO `trip_photo` VALUES (9, 7, 'https://qq-1375584552.cos.ap-guangzhou.myqcloud.com/public/1971813431033851906/2025-11-25_pSUjqmHPo4x0EJaY.webp', '2025-11-25 15:48:02', NULL, 3, '2025-11-25 15:48:02', '2025-11-25 15:48:02', 0);
INSERT INTO `trip_photo` VALUES (10, 8, 'https://qq-1375584552.cos.ap-guangzhou.myqcloud.com/public/1971813431033851906/2025-11-25_IKW3sFZLgquRzFp1.webp', '2025-11-25 15:58:16', NULL, 1, '2025-11-25 15:58:16', '2025-11-25 15:58:16', 0);
INSERT INTO `trip_photo` VALUES (11, 8, 'https://qq-1375584552.cos.ap-guangzhou.myqcloud.com/public/1971813431033851906/2025-11-25_TBxoEsbENM7JFZwa.webp', '2025-11-25 15:58:16', NULL, 2, '2025-11-25 15:58:16', '2025-11-25 15:58:16', 0);
INSERT INTO `trip_photo` VALUES (12, 8, 'https://qq-1375584552.cos.ap-guangzhou.myqcloud.com/public/1971813431033851906/2025-11-25_fswKqDX53QTyyIGk.webp', '2025-11-25 15:58:16', NULL, 3, '2025-11-25 15:58:16', '2025-11-25 15:58:16', 0);
INSERT INTO `trip_photo` VALUES (13, 9, 'https://qq-1375584552.cos.ap-guangzhou.myqcloud.com/public/1971813431033851906/2025-11-25_Y7kOerGcfIgV2gMG.webp', '2025-11-25 18:08:31', NULL, 1, '2025-11-25 18:08:31', '2025-11-25 18:08:31', 0);
INSERT INTO `trip_photo` VALUES (14, 9, 'https://qq-1375584552.cos.ap-guangzhou.myqcloud.com/public/1971813431033851906/2025-11-25_IEAjLFiNxhbH0iK8.webp', '2025-11-25 18:08:31', NULL, 2, '2025-11-25 18:08:31', '2025-11-25 18:08:31', 0);
INSERT INTO `trip_photo` VALUES (15, 9, 'https://qq-1375584552.cos.ap-guangzhou.myqcloud.com/public/1971813431033851906/2025-11-25_ebqNwaWm4rt5CKQX.webp', '2025-11-25 18:08:31', NULL, 3, '2025-11-25 18:08:31', '2025-11-25 18:08:31', 0);
INSERT INTO `trip_photo` VALUES (16, 10, 'https://qq-1375584552.cos.ap-guangzhou.myqcloud.com/public/1971813431033851906/2025-11-25_RsbsS6dUZxRJqFnC.webp', '2025-11-25 18:16:42', NULL, 1, '2025-11-25 18:16:42', '2025-11-25 18:16:42', 0);
INSERT INTO `trip_photo` VALUES (17, 10, 'https://qq-1375584552.cos.ap-guangzhou.myqcloud.com/public/1971813431033851906/2025-11-25_uqI17WKQztpS7LBl.webp', '2025-11-25 18:16:42', NULL, 2, '2025-11-25 18:16:42', '2025-11-25 18:16:42', 0);
INSERT INTO `trip_photo` VALUES (18, 10, 'https://qq-1375584552.cos.ap-guangzhou.myqcloud.com/public/1971813431033851906/2025-11-25_zqjoI4NsiQdehxZb.webp', '2025-11-25 18:16:42', NULL, 3, '2025-11-25 18:16:42', '2025-11-25 18:16:42', 0);
INSERT INTO `trip_photo` VALUES (19, 11, 'https://qq-1375584552.cos.ap-guangzhou.myqcloud.com/public/1971813431033851906/2025-11-25_U2WvJ5BSjGu38OSJ.webp', '2025-11-25 18:22:09', NULL, 1, '2025-11-25 18:22:09', '2025-11-25 18:22:09', 0);
INSERT INTO `trip_photo` VALUES (20, 11, 'https://qq-1375584552.cos.ap-guangzhou.myqcloud.com/public/1971813431033851906/2025-11-25_hLOfGcYDkiy2P7aw.webp', '2025-11-25 18:22:09', NULL, 2, '2025-11-25 18:22:09', '2025-11-25 18:22:09', 0);
INSERT INTO `trip_photo` VALUES (21, 11, 'https://qq-1375584552.cos.ap-guangzhou.myqcloud.com/public/1971813431033851906/2025-11-25_tmvpN5pgphn1dXLE.webp', '2025-11-25 18:22:09', NULL, 3, '2025-11-25 18:22:09', '2025-11-25 18:22:09', 0);
INSERT INTO `trip_photo` VALUES (22, 12, 'https://qq-1375584552.cos.ap-guangzhou.myqcloud.com/public/1971813431033851906/2025-11-25_TuIUmrcJGXhlfner.webp', '2025-11-25 18:28:01', NULL, 1, '2025-11-25 18:28:01', '2025-11-25 18:28:01', 0);
INSERT INTO `trip_photo` VALUES (23, 12, 'https://qq-1375584552.cos.ap-guangzhou.myqcloud.com/public/1971813431033851906/2025-11-25_rOkJ0D4c2NFtZb4n.webp', '2025-11-25 18:28:01', NULL, 2, '2025-11-25 18:28:01', '2025-11-25 18:28:01', 0);
INSERT INTO `trip_photo` VALUES (24, 12, 'https://qq-1375584552.cos.ap-guangzhou.myqcloud.com/public/1971813431033851906/2025-11-25_d93Okuw6URwMP7jo.webp', '2025-11-25 18:28:01', NULL, 3, '2025-11-25 18:28:01', '2025-11-25 18:28:01', 0);

-- ----------------------------
-- Table structure for user
-- ----------------------------
DROP TABLE IF EXISTS `user`;
CREATE TABLE `user`  (
  `id` bigint NOT NULL AUTO_INCREMENT COMMENT 'id',
  `user_account` varchar(256) CHARACTER SET utf8mb4 COLLATE utf8mb4_unicode_ci NOT NULL COMMENT '账号',
  `user_password` varchar(512) CHARACTER SET utf8mb4 COLLATE utf8mb4_unicode_ci NOT NULL COMMENT '密码',
  `user_name` varchar(256) CHARACTER SET utf8mb4 COLLATE utf8mb4_unicode_ci NULL DEFAULT NULL COMMENT '用户昵称',
  `user_avatar` varchar(1024) CHARACTER SET utf8mb4 COLLATE utf8mb4_unicode_ci NULL DEFAULT NULL COMMENT '用户头像',
  `user_profile` varchar(512) CHARACTER SET utf8mb4 COLLATE utf8mb4_unicode_ci NULL DEFAULT NULL COMMENT '用户简介',
  `user_role` varchar(256) CHARACTER SET utf8mb4 COLLATE utf8mb4_unicode_ci NOT NULL DEFAULT 'user' COMMENT '用户角色：user/admin/merchant',
  `edit_time` datetime NOT NULL DEFAULT CURRENT_TIMESTAMP COMMENT '编辑时间',
  `create_time` datetime NOT NULL DEFAULT CURRENT_TIMESTAMP COMMENT '创建时间',
  `update_time` datetime NOT NULL DEFAULT CURRENT_TIMESTAMP ON UPDATE CURRENT_TIMESTAMP COMMENT '更新时间',
  `is_delete` tinyint NOT NULL DEFAULT 0 COMMENT '是否删除',
  PRIMARY KEY (`id`) USING BTREE,
  UNIQUE INDEX `uk_user_account`(`user_account` ASC) USING BTREE,
  INDEX `idx_user_name`(`user_name` ASC) USING BTREE
) ENGINE = InnoDB AUTO_INCREMENT = 1990757975922098179 CHARACTER SET = utf8mb4 COLLATE = utf8mb4_unicode_ci COMMENT = '用户' ROW_FORMAT = DYNAMIC;

-- ----------------------------
-- Records of user
-- ----------------------------
INSERT INTO `user` VALUES (1971813431033851906, 'lqlq', '44350efcdd5b9e59474990ea87c46a2e', '林锵', 'https://qq-1375584552.cos.ap-guangzhou.myqcloud.com/public/1971813431033851906/2025-11-22_zQsOoPURqPl9vxen.webp', '我是nbb', 'admin', '2025-09-27 13:45:31', '2025-09-27 13:45:31', '2025-11-25 20:12:54', 0);
INSERT INTO `user` VALUES (1990757975922098178, 'lqlqlq', '44350efcdd5b9e59474990ea87c46a2e', '无名', NULL, NULL, 'user', '2025-11-18 20:24:22', '2025-11-18 20:24:22', '2025-11-18 20:24:22', 0);

-- ----------------------------
-- Table structure for wall_background
-- ----------------------------
DROP TABLE IF EXISTS `wall_background`;
CREATE TABLE `wall_background`  (
  `id` bigint NOT NULL AUTO_INCREMENT,
  `group_id` bigint NOT NULL COMMENT '关联背景组ID',
  `image_url` varchar(512) CHARACTER SET utf8mb4 COLLATE utf8mb4_0900_ai_ci NOT NULL COMMENT '背景图片URL',
  `thumbnail_url` varchar(512) CHARACTER SET utf8mb4 COLLATE utf8mb4_0900_ai_ci NULL DEFAULT NULL COMMENT '缩略图URL',
  `background_type` tinyint NULL DEFAULT 1 COMMENT '背景类型:1-白天,2-夜晚,3-季节限定',
  `sort_order` int NULL DEFAULT 0 COMMENT '排序值',
  `create_time` datetime NULL DEFAULT CURRENT_TIMESTAMP,
  `status` tinyint NULL DEFAULT 1 COMMENT '状态:1-启用,0-禁用',
  `update_time` datetime NULL DEFAULT CURRENT_TIMESTAMP ON UPDATE CURRENT_TIMESTAMP,
  `is_delete` tinyint NULL DEFAULT 0 COMMENT '是否删除',
  PRIMARY KEY (`id`) USING BTREE,
  INDEX `idx_group_id`(`group_id` ASC) USING BTREE,
  INDEX `idx_sort`(`sort_order` DESC) USING BTREE,
  INDEX `idx_group_type`(`group_id` ASC, `background_type` ASC) USING BTREE
) ENGINE = InnoDB AUTO_INCREMENT = 6 CHARACTER SET = utf8mb4 COLLATE = utf8mb4_0900_ai_ci COMMENT = '留言墙背景图片表' ROW_FORMAT = DYNAMIC;

-- ----------------------------
-- Records of wall_background
-- ----------------------------
INSERT INTO `wall_background` VALUES (1, 1, 'bg1.jpg', 'bg1-thumb.jpg', 1, 1, '2025-10-01 10:00:00', 1, '2025-10-28 10:55:38', 0);
INSERT INTO `wall_background` VALUES (2, 1, 'bg2.jpg', 'bg2-thumb.jpg', 2, 2, '2025-10-01 10:00:00', 1, '2025-10-28 10:55:38', 0);
INSERT INTO `wall_background` VALUES (3, 2, 'bg3.jpg', 'bg3-thumb.jpg', 1, 1, '2025-10-01 10:00:00', 1, '2025-10-28 10:55:38', 0);
INSERT INTO `wall_background` VALUES (4, 2, 'bg4.jpg', 'bg4-thumb.jpg', 3, 2, '2025-10-01 10:00:00', 1, '2025-10-28 10:55:38', 0);
INSERT INTO `wall_background` VALUES (5, 3, 'bg5.jpg', 'bg5-thumb.jpg', 2, 1, '2025-10-01 10:00:00', 1, '2025-10-28 10:55:38', 0);

SET FOREIGN_KEY_CHECKS = 1;
